station_code,lon,lat
G230901,130.8625,45.8194
G230902,131.0032,45.7677
G230903,130.9467,45.8309
G460201,109.5077,18.249083
G460202,109.496315,18.2683
G350401,117.6028,26.2378
G350402,117.6353,26.2708
G350403,117.6211,26.2625
G350404,117.7275,26.3108
G411201,111.185833,34.791667
G411202,111.1927778,34.77722222
G411203,111.158,34.794
G411204,111.1488889,34.79972222
G310001,121.478,31.2036
G310002,121.412,31.1654
G310003,121.4,31.238
G310004,121.536,31.2659
G310005,121.703,31.1907
G310006,121.577,31.2071
G310007,121.533,31.2284
G310008,121.467,31.3008
G310009,120.978,31.0935
G310010,121.425,31.2261
G361101,117.9511,28.4622
G361102,117.973,28.4459
G361103,117.9033,28.4303
G361104,118.0058,28.4569
G441901,113.782,23.0536
G441902,113.794,23.0128
G441903,113.746,23.0278
G441904,113.738,22.9658
G441905,113.748,23.06
G370501,118.660833,37.431389
G370502,118.8191667,37.3780556
G370503,118.5527778,37.44444444
G370504,118.5022222,37.4658333
G640501,105.1712182,36.995215
G640502,105.0066707,37.4656794
G640503,105.1971746,37.4993565
G442001,113.369,22.5211
G442002,113.365,22.5481
G442003,113.402,22.5078
G442004,113.434,22.4886
G622901,103.2064,35.5997
G622902,103.2139,35.6039
G330101,119.6947222,30.2319444
G330102,119.7186111,30.2366667
G141001,111.5531,36.0783
G141002,111.491667,36.041667
G141003,111.5169,36.0822
G141004,111.5025,36.0875
G141005,111.4793079,35.6540506
G141006,111.5028,36.0714
G371301,118.291501,35.002802
G371302,118.355159,35.057898
G371303,118.4023333,35.08972222
G371304,118.310787,35.059478
G530901,100.0782,23.8982
G530902,100.0869,23.8822
G210601,124.426767,40.157134
G210602,124.3858609,40.147836
G210603,124.152274,39.885819
G210604,124.3399539,40.0674054
G331101,119.879,28.4231
G331102,119.914,28.4514
G331103,119.93,28.4586
G530701,100.2497,26.8802
G530702,100.2203,26.8906
G530703,100.2143,26.8576
G330701,120.0786111,29.3353639
G330702,120.0905556,29.3049639
G150901,113.1306,40.9923
G150902,113.0974,41.038
G150301,106.7931,39.6572
G150302,106.8089,39.6969
G150303,106.8219,39.6719
G650101,87.4171,43.8729
G650102,87.6432,43.831
G650103,87.6046,43.768
G650104,87.4754,43.9469
G650105,87.5801,43.8303
G650106,87.6444,43.962
G650107,87.5525,43.8711
G511101,103.7705,29.5467
G511102,103.757,29.5634
G511103,103.7506,29.6007
G511104,103.7627,29.5844
G360401,116.017444,29.653472
G360402,115.987222,29.681556
G360403,115.993611,29.586667
G360404,116.06275,29.692611
G360405,116.08925,29.753361
G360406,115.911444,29.603889
G360407,115.958139,29.70475
G360408,115.988,29.729222
G371001,121.542,36.9296
G371002,121.5357,36.9132
G445301,112.036944,22.939444
G445302,112.039167,22.916944
G445303,112.053888,22.953889
G659001,87.5475,44.1756
G341601,115.7831,33.8561
G341602,115.8067,33.8399
G230701,128.8736,47.7222
G230702,128.9094,47.7317
G230703,129.4942,48.4658
G654001,81.2815,43.9404
G654002,81.2867,43.895
G654003,81.3364,43.941
G440601,112.863,23.1886
G440602,112.885,23.1572
G440603,113.105,23.0395
G440604,113.144,23.0467
G440605,113.257,22.7629
G440606,113.134,23.0048
G440607,113.292,22.8054
G440608,112.844,22.8693
G230801,130.2719,46.8025
G230802,130.3648,46.8032
G230803,130.3961,46.8267
G230804,130.3794,46.7588
G230805,130.3258,46.7975
G130601,115.522,38.896
G130602,115.461,38.842
G130603,115.471,38.911
G130604,115.493,38.863
G130605,115.521,38.871
G130606,115.442,38.876
G530501,99.1678,25.1081
G530502,99.1711,25.1328
G411501,114.0122222,32.138
G411502,114.0613889,32.108
G411503,114.077,32.119
G411504,114.1044444,32.134
G653001,76.1861,39.7153
G650201,85.692613,46.089847
G650202,84.888889,45.599722
G650203,84.904167,44.342778
G650204,84.123333,45.688333
G650205,84.886111,45.603333
G341501,116.5661,31.7712
G341502,116.5068,31.7797
G341503,116.478,31.7618
G341504,116.508,31.7371
G520201,104.9544,26.5506
G520202,104.8475,26.5894
G520203,104.89,26.5939
G520204,104.8,26.5892
G520205,104.83,26.5917
G620101,103.631,36.1031
G620102,103.153,35.9931
G620103,103.841,36.0725
G620104,103.712,36.0756
G620105,103.831,36.0464
G152201,122.062,46.0872
G152202,121.9462,46.0756
G152203,122.0506,46.0703
G511001,105.0717,29.5947
G511002,105.0653,29.5817
G511003,105.0406,29.5822
G511004,105.0703,29.61
G513401,102.2689,27.8847
G513402,102.2625,27.8978
G513403,102.2714,27.8408
G513404,102.2311,27.8953
G513405,102.3419,27.8094
G150201,110.0067,40.5905
G150202,110.0377,40.5546
G150203,109.8104,40.6575
G150204,109.8756,40.6532
G150205,109.8654,40.6288
G150206,109.8538,40.6821
G110001,116.352,39.878
G110002,116.417,39.929
G110003,116.461,39.937
G110004,116.184,39.914
G110005,116.407,39.886
G110006,116.397,39.982
G110007,116.339,39.929
G110008,116.22,40.292
G110009,116.405285,39.904989
G110010,116.628,40.328
G110011,116.234,40.217
G110012,116.287,39.987
G110013,116.655,40.127
G450501,109.177778,21.425278
G450502,109.098056,21.466111
G450503,109.153333,21.404167
G450504,109.225556,21.596111
G420301,110.7258333,32.6388889
G420302,111.0419444,32.395
G420303,110.78,32.6494444
G420304,110.8838889,32.5713889
G320101,118.7769444,32.01444444
G320102,118.9069444,32.105
G320103,118.7366667,32.00916667
G320104,118.7736111,32.07
G320105,118.6255556,32.08777778
G320106,118.7947222,32.0775
G320107,118.8030556,32.03138889
G320108,118.7486111,32.05722222
G320109,118.8030556,32.10833333
G511301,106.0789,30.8023
G511302,106.1031,30.8217
G511303,106.0642,30.7636
G511304,106.1087,30.8388
G511305,106.056,30.8064
G511306,106.1064,30.7856
G450101,108.320004,22.82402
G450102,108.439,22.7906
G450103,108.316,22.8561
G450104,108.239,22.8464
G450105,108.383,22.805
G450106,108.321,22.8225
G450107,108.301,22.7875
G450108,108.244,22.7833
G450109,108.328,22.735
G350701,118.1756,26.6272
G350702,118.1694,26.6383
G350703,118.1819,26.6514
G350704,118.0966,26.6761
G360101,115.973,28.6969
G360102,115.852,28.6869
G360103,115.813,28.7442
G360104,115.742,28.7994
G360105,115.893,28.6844
G360106,115.888,28.698
G360107,115.931,28.6844
G360108,115.912,28.6131
G360109,115.892,28.6425
G320601,120.905,31.96805556
G320602,120.8633333,32.02361111
G320603,120.9358333,31.92833333
G320604,120.8108333,32.0425
G320605,120.8425,32.00666667
G411301,112.5572778,33.027
G411302,112.5002778,32.9735
G411303,112.5192,32.99166667
G411304,112.55,32.96827778
G411305,112.5223611,33.01216944
G652701,82.0419224,44.9102445
G652702,82.0826389,44.8993451
G370201,120.46349,36.38378
G370202,120.4443,36.3902
G350201,118.151,24.4767
G350202,118.146769,24.512905
G350203,118.0941667,24.515
G350204,118.157,24.8181
G350205,118.064,24.4458
G230501,131.1651,46.619
G230502,131.1638,46.6572
G230503,131.1516,46.6462
G230504,131.1572,46.5888
G321101,119.18236,31.94714
G321102,119.1504,31.9543
G331001,121.419,28.6542
G331002,121.377,28.5773
G331003,121.273,28.6459
G340101,117.307,31.8766
G340102,117.302,31.7956
G340103,117.266,31.9438
G340104,117.196,31.7848
G340105,117.278,31.7386
G340106,117.259,31.8706
G340107,117.336,31.8585
G340108,117.16,31.9051
G340109,117.25,31.8572
G340110,117.124,31.8516
G360801,114.9739,27.11
G360802,114.99,27.1311
G360803,114.9817,27.0658
G360804,115.0075,27.0983
G220201,126.584444,43.836389
G220202,126.673056,43.765833
G220203,126.473,43.94
G220204,126.564544,43.871988
G220205,126.54,43.885833
G220206,126.6025,43.905833
G220207,126.550833,43.833056
G220208,126.496389,43.825
G652101,89.1673,42.9559
G652102,89.191,42.9409
G141101,111.1406,37.5211
G141102,111.1297,37.5136
G141103,111.144319,37.518314
G141104,111.1283333,37.51
G640301,106.1481833,37.9674122
G640302,106.1954585,37.9758612
G640303,106.2108467,37.9830612
G320501,120.64072,31.15287
G320502,120.6753,31.1799
G320503,120.6388,31.168
G411601,114.67575,33.613
G411602,114.6368611,33.598
G411603,114.6613056,33.61277778
G411604,114.654,33.635
G150701,119.7594,49.2261
G150702,119.7283,49.2014
G150101,111.7277,40.8062
G150102,111.659,40.8452
G150103,111.717,40.7612
G150104,111.651,40.7579
G150105,111.751,40.8369
G150106,111.658,40.8033
G150107,111.551,40.7866
G150108,111.608,40.8144
G653201,79.9117,37.1013
G653202,79.9485,37.1152
G421201,114.1763889,29.5136111
G421202,114.3230556,29.8211111
G421203,114.3168284,29.8202993
G421204,114.3236778,29.8855583
G610401,108.740808,34.318737
G610402,108.6761,34.3181
G610403,108.7233,34.3617
G610404,108.7197,34.3956
G652201,93.4961,42.8328
G652202,93.5128,42.8172
G230101,126.646,45.7258
G230102,126.599,45.7222
G230103,126.611,45.9819
G230104,126.689,45.7733
G230105,126.542,45.755
G230106,126.615,45.61
G230107,126.561,45.8167
G230108,126.621,45.6842
G230109,126.635,45.7667
G230110,126.593,45.7478
G230111,126.979,45.5422
G230112,126.685,45.7319
G130201,118.166,39.631
G130202,118.184,39.658
G130203,118.2,39.63
G130204,118.185,39.641
G130205,118.219,39.668
G130206,118.144,39.643
G411401,115.6697222,34.42861111
G411402,115.6386111,34.407
G411403,115.6577778,34.402
G411404,115.6558333,34.429
G611001,109.966,33.8509
G611002,109.9154,33.8715
G653101,75.9771,39.4699
G653102,75.9828,39.5371
G653103,75.9435,39.4365
G330401,120.73,30.764
G330402,120.726,30.7478
G330403,120.744,30.7946
G330404,120.9454515,30.5237356
G620201,98.2905542,39.771835
G620202,98.265,39.798
G620203,98.289152,39.77313
G220301,124.3711,43.1594
G220302,124.3897,43.1847
G220303,124.3419,43.1747
G640401,106.238387,36.0159998
G640402,106.277754,36.0010449
G640403,106.2447179,36.1309699
G654201,82.9994,46.7432
G232701,124.1303,50.4217
G232702,124.1186,50.4269
G140201,113.2994,40.0758
G140202,113.3444,40.0917
G140203,113.2661,40.1269
G140204,113.2711,40.0844
G140205,113.3819,40.1097
G140206,113.290651,40.093067
G230601,124.716667,46.033333
G230602,124.883333,46.416667
G230603,125.066667,46.6
G230604,124.85,46.633333
G230605,125.1,46.533333
G532901,100.2171,25.5811
G532902,100.1542,25.7054
G210201,121.518,38.8561
G210202,121.625,38.8639
G210203,121.977,39.0631
G210204,121.565,38.9511
G210205,121.777,39.0511
G210206,121.259,38.8081
G210207,121.564,38.885
G210208,121.612,38.9739
G210209,121.748,39.1311
G210210,121.633,38.9119
G620501,106.005,34.3469
G620502,105.8614,34.5653
G620503,105.7281,34.5814
G120001,117.2016833,39.0927
G120002,117.1446333,39.16543333
G120003,117.1090308,39.2708421
G120004,117.2005153,39.1179325
G120005,117.190182,39.125596
G120006,117.1566333,38.91943333
G120007,117.2452,39.11083
G120008,117.2769428,39.1386517
G120009,117.15778,39.09812
G120010,117.159031,39.098402
G120011,117.190182,39.125596
G120012,117.45735,38.83945
G120013,117.7641667,39.15875
G120014,117.7917667,39.24735
G120015,117.3747333,38.98458333
G120016,117.70715,39.03431667
G120017,117.3747667,39.15106667
G120018,117.3145,39.08714
G320504,121.1147,34.4524
G320505,121.128,31.435
G140101,112.434,38.0108
G140102,112.549,37.9854
G140103,112.57,37.8195
G140104,112.5583,37.7394
G140105,112.522,37.8873
G140106,112.469,37.7124
G140107,112.5369,37.8692
G140108,112.573,37.9103
G140109,112.488,37.7805
G371003,122.1257714,37.42694682
G371004,122.05938,37.52598
G371005,122.0620045,37.51292649
G431301,112.0194,27.7314
G431302,111.9892,27.7044
G431303,111.9975,27.725
G431304,111.9561,27.7569
G431305,111.9975,27.725
G420901,113.9384083,30.9204194
G420902,113.9155556,30.9283333
G350901,119.5392,26.6611
G350902,119.5202,26.6607
G350903,119.5001,26.6946
G330201,121.614,29.896
G330202,121.56,29.8208
G330203,121.554,29.8906
G330204,121.836,29.9108
G330205,121.586,29.8633
G330206,121.147191,30.056588
G330207,121.524,29.8506
G330208,121.633,29.7736
G330209,121.713,29.9572
G340801,116.9894,30.6145
G340802,117.0549,30.5103
G340803,117.0486,30.5489
G340804,117.0299,30.5159
G610901,109.0281,32.6939
G610902,109.0072,32.6975
G610903,109.0311,32.6778
G410501,114.482,36.061
G410502,114.392756,36.097593
G410503,114.482,36.086
G410504,114.286,36.11
G410505,114.358,36.087
G520401,105.9269962,26.2557461
G520402,105.9570852,26.2596256
G520403,105.9394823,26.2357388
G520404,105.8688955,26.2455901
G621101,104.6169,35.5975
G621102,104.6228,35.5714
G320201,119.8218,31.35214
G320202,119.79843,31.3655
G511501,104.6061,28.7867
G511502,104.6225,28.7661
G511503,104.6417,28.7639
G511504,104.6789,28.7989
G511505,104.572,28.7862
G511506,104.5761,28.7158
G420501,111.355,30.646389
G420502,111.300833,30.698056
G420503,111.32216,30.77641
G420504,111.2623,30.69039
G420505,111.30323,30.69603
G360901,114.3806,27.8014
G360902,114.4011,27.8072
G360903,114.3703,27.7914
G360904,114.3953,27.7842
G360905,114.3442,27.8036
G610301,107.2386,34.3622
G610302,107.1906,34.3672
G610303,107.1586,34.3708
G610304,107.1186,34.3739
G610305,107.2058,34.3497
G610306,107.1431,34.3547
G610307,107.0708,34.3017
G610308,107.3906,34.3528
G341801,118.7175,30.9431
G341802,118.7386,30.9742
G341803,118.7581,30.9447
G341301,116.9677,33.6284
G341302,116.9686,33.6401
G341303,116.9765,33.6481
G321301,118.321,33.951
G321302,118.2321044,33.95727298
G321303,118.292648,33.93309568
G321304,118.6920504,33.7051529
G330103,119.9489,30.0471
G330104,119.9589,30.051
G370701,118.7822,36.8586
G370702,118.7413,36.8689
G542201,91.7706,29.261
G542202,91.7608,29.2313
G430601,113.272313,29.472746
G430602,113.104,29.354
G430603,113.001944,29.353889
G430604,113.150556,29.425556
G430605,113.170833,29.378056
G430606,113.2102,29.3475
G451401,107.3701,22.3708
G451402,107.3476,22.4137
G511901,106.760247,31.844538
G511902,106.7594,31.8531
G511903,106.7657,31.843394
G511904,106.7389,31.8711
G150801,107.3715,40.7378
G150802,107.5936,40.916
G150803,107.4211,40.7608
G652801,86.1461,41.7511
G652802,86.2022,41.7192
G652803,86.2381,41.7128
G320401,119.974062,31.811226
G320402,119.9047222,31.91083333
G320403,119.9952778,31.75833333
G320404,119.9637967,31.8065917
G320405,119.935,31.70388889
G320406,120.0410436,31.7601537
G430701,111.701528,28.970389
G430702,111.668056,29.041111
G430703,111.6964,29.0191
G430704,111.73,29.075556
G430705,111.68625,29.017361
G320506,120.7168,31.66593
G320507,120.75157,31.6641
G320508,120.7275,31.65
G620801,106.7039,35.5294
G620802,106.6692,35.5461
G370203,119.9452,36.78645
G370204,119.96953,36.79305
G410401,113.1819444,33.737
G410402,113.3219444,33.721
G410403,113.2916667,33.739
G410404,113.3063889,33.72138889
G510801,105.8153,32.4246
G510802,105.8624,32.4285
G510803,105.8242,32.4429
G510804,105.8945,32.4535
G511601,106.6444243,30.4826115
G511602,106.6271,30.4663
G511603,106.6308,30.5278
G511604,106.6303,30.4576
G511605,106.6388,30.4551
G440101,113.568,23.2783
G440102,113.3164249,23.1324521
G440103,113.3612,23.12468
G440104,113.261,23.105
G440105,113.433,23.105
G440106,113.26,23.1331
G440107,113.589,23.5538
G440108,113.348,23.0916
G440109,113.235,23.1422
G440110,113.352,22.9477
G440111,113.215,23.3917
G440112,113.281,23.1569
G621001,107.6831,35.7289
G621002,107.6364,35.7067
G621003,107.6406,35.5236
G131001,116.737,39.534
G131002,116.773,39.575
G131003,116.715,39.557
G131004,116.684,39.518
G610601,109.4824,36.5767
G610602,109.4761,36.6028
G610603,109.4131,36.6275
G610604,109.5056,36.6106
G222401,129.489298,42.8943479
G222402,129.504427,42.909454
G222403,129.3673028,42.8777998
G410201,114.2886111,34.79666667
G410202,114.3801557,34.7965763
G410203,114.346797,34.800119
G410204,114.3443887,34.7762736
G130701,114.903,40.769
G130702,114.881,40.811
G130703,114.898,40.837
G130704,114.904,40.873
G130705,114.85,40.85
G320509,120.5537,31.8799
G320510,120.5306,31.8645
G430801,110.5448066,29.349475
G430802,110.500681,29.113117
G430803,110.466944,29.129167
G430804,110.416667,29.3
G620701,100.4686,38.9467
G620702,100.4497,38.9389
G320301,117.2933333,34.27777778
G320302,117.2563889,34.22222222
G320303,117.2444444,34.29111111
G320304,117.1922222,34.24166667
G320305,117.169421,34.1807
G320306,117.171035,34.179508
G320307,117.1669444,34.27611111
G533101,98.5842,24.428
G533102,98.578,24.441
G371401,116.3061111,37.46638889
G371402,116.3188889,37.4488889
G371403,116.3083333,37.4652778
G510601,104.4219,31.1208
G510602,104.4053,31.1167
G510603,104.3539,31.1108
G510604,104.3883,31.1333
G140901,112.7003,38.4928
G140902,112.7383,38.4519
G140903,112.7356,38.4186
G431201,109.9792,27.5342
G431202,110.0394,27.583
G431203,109.9333,27.5733
G431204,109.9453,27.5444
G431205,109.9972,27.5578
G533301,98.8601,25.8567
G533302,98.8546,25.8417
G422801,109.5038889,30.2988889
G422802,109.5038889,30.2988889
G441301,114.405,23.08
G441302,114.532,22.7422
G441303,114.46,22.7833
G441304,114.413,23.1072
G441305,114.413,23.0744
G510101,104.079,30.5706
G510102,104.176,30.6872
G510103,104.054,30.6578
G510104,104.024,30.6564
G510105,104.074,30.685
G510106,104.1114,30.63
G510107,103.613,31.0283
G510108,104.0282181,30.6625127
G510109,103.9728,30.7236
G321001,119.4391667,32.40333333
G321002,119.46,32.3878
G321003,119.4044444,32.41
G321004,119.864251,32.952527
G321005,119.3886111,32.37611111
G130801,117.952,40.984
G130802,117.963,40.936
G130803,117.818,40.973
G130804,117.938,41.011
G130805,117.966,40.916
G361001,116.385,27.9647
G361002,116.3553,27.9883
G361003,116.2239,28.0797
G361004,116.3598,27.9639
G361005,116.3574,28.0005
G210401,124.038685,41.853192
G210402,123.796944,41.844167
G210403,124.011637,41.89495
G210404,123.087778,41.886389
G210405,123.625945,41.80254
G210406,123.9272171,41.8864946
G540101,91.1303,29.635
G540102,91.0833,29.6347
G540103,91.105,29.6647
G540104,91.13,29.6514
G540105,91.0758,29.6339
G540106,91.1264,29.6444
G370601,120.40105,37.36509
G370602,120.404,37.375
G445201,118.0158333,36.9047222
G445202,116.369722,23.535278
G445203,116.4094,23.5292
G445204,116.324167,23.548611
G510401,101.7453,26.5017
G510402,101.723627,26.5675709
G510403,101.68912,26.57098
G510404,101.5769,26.5928
G510405,101.7169,26.585
G510406,101.848689,26.548573
G532601,104.2533,23.3594
G532602,104.2319,23.3892
G371006,122.027,37.186
G371007,122.0452,37.1973
G410701,113.884,35.272
G410702,113.883,35.303
G410703,113.836,35.279
G410704,113.9347956,35.282877
G360501,115.098468,27.935601
G360502,114.931642,27.813922
G360503,114.91214,27.814478
G360504,114.929052,27.843027
G360505,114.995088,27.847993
G320203,120.3538889,31.58477778
G320204,120.2880556,31.68416667
G320205,120.3538889,31.54738889
G320206,120.29442,31.55997
G320207,120.2416667,31.50305555
G320208,120.24475,31.56308333
G320209,120.2689167,31.48666667
G320210,120.275,31.62194444
G540201,88.8876,29.2718
G540202,88.8931,29.2365
G371101,119.5205556,35.40777778
G371102,119.5486111,35.38166667
G371103,119.4908333,35.38888889
G320511,120.9575,31.38529
G320512,121.0036,31.37935
G530101,102.722,25.0405
G530102,102.743,25.0124
G530103,102.821,24.8885
G530104,102.638,25.0359
G530105,102.625,24.9624
G530106,102.681,25.067
G530107,102.728,25.0836
G652301,87.9897,44.1564
G652302,87.2997,44.0114
G652303,87.2717,44.0297
G540301,97.1809,31.1254
G540302,97.1804,31.1278
G530601,103.7225,27.3361
G530602,103.7032,27.3392
G140701,112.7306,37.7111
G140702,112.7194444,37.68277778
G140703,112.7105,37.7087
G140704,112.708241,37.697792
G140705,112.7549,37.7019
G140501,112.8564,35.4883
G140502,112.8664,35.4894
G140503,112.8252,35.4813
G140504,112.835,35.4934
G140505,112.8453,35.546
G140506,112.85,35.5051
G530801,100.98,22.7633
G530802,100.9817,22.8322
G360201,117.1983,29.2786
G360202,117.1558,29.2647
G360203,117.3097,29.3864
G360204,117.2111,29.2958
G360205,117.2461,29.2956
G530301,103.8033921,25.5346134
G530302,103.541667,25.116667
G140601,112.4254,39.3179
G140602,112.4279,39.3673
G140603,112.4078,39.3265
G140604,112.44,39.3514
G140605,112.4549,39.3606
G211301,120.41381,41.566267
G211302,120.3942263,41.6155216
G211303,120.4503788,41.5690103
G211304,120.507776,41.817091
G000001,0,0
G000002,0,0
G000003,0,0
G000004,0,0
G000005,0,0
G000006,0,0
G000007,0,0
G000008,0,0
G000009,0,0
G000011,0,0
G000012,0,0
G210501,123.759167,41.290278
G210502,123.812641,41.306052
G210503,123.820284,41.347611
G210504,123.740146,41.299494
G210505,123.740556,41.303333
G210506,123.767647,41.329219
G451301,0,23.7218908
G451302,109.2126755,23.7218908
G330105,120.348,30.3058
G330106,120.301,30.4183
G330107,120.088,30.1808
G330108,119.026,29.635
G330109,120.127,30.2456
G330110,120.12,30.3119
G330111,120.27,30.1819
G330112,120.157,30.2897
G330113,120.19,30.2692
G330114,120.211,30.21
G330115,120.063,30.2747
G220701,124.8528,45.1642
G220702,124.8292,45.0878
G542601,94.3616,29.6632
G542602,94.3681,29.6376
G632601,100.2561,34.4714
G370401,117.7352778,34.58055556
G370402,117.451536,35.09953394
G370403,117.5847252,34.77346027
G370404,117.5638889,34.85138889
G370405,117.2666667,34.79111111
G450201,109.4838889,24.3158333
G450202,109.377222,24.384444
G450203,109.42,24.2
G450204,109.4882778,24.3897778
G450205,109.384444,24.345833
G450206,109.41,24.326389
G430201,113.18895,27.99327
G430202,113.251389,27.833611
G430203,113.134722,27.824444
G430204,113.190211,27.797906
G430205,113.13,27.852778
G430206,113.095278,27.886667
G430207,113.143333,27.838056
G450301,110.258,25.2357778
G450302,110.39,25.268
G450303,110.242,25.257
G450304,110.3088889,25.2508333
G441401,116.123333,24.328056
G441402,116.0797,24.2719
G441403,116.1248,24.2654
G450401,111.3178,23.475
G450402,111.2897,23.4792
G450403,111.2353,23.415
G450404,111.26,23.4794
G532301,101.5482,25.0441
G532302,101.538,25.0492
G610801,109.7456,38.2911
G610802,109.7289,38.2839
G610803,109.7336,38.2478
G610804,109.7414,38.3344
G620601,102.6219,37.9311
G620602,102.6469,37.9358
G420101,114.37,30.5733
G420102,114.393,30.4612
G420103,114.13,30.6334
G420104,114.302,30.5332
G420105,114.302,30.5943
G420106,114.282,30.6188
G420107,114.253,30.558
G420108,113.834,30.3165
G420109,114.156,30.6325
G420110,114.365,30.6217
G520501,105.28639,27.3125
G520502,105.31,27.29028
G431101,111.5989,26.4519
G431102,111.6156,26.4214
G431103,111.5992,26.4364
G431104,111.6236,26.2331
G431105,111.6217,26.2081
G610701,107.007,33.0323
G610702,107.0154,33.0706
G610703,106.9893,33.1842
G610704,107.0089,33.1138
G440501,116.402056,23.253639
G440502,116.603333,23.25
G440503,116.751944,23.471389
G440504,116.725833,23.2775
G440505,116.679444,23.366667
G440506,116.724444,23.363889
G441501,115.362778,22.786667
G441502,115.365278,22.775
G441503,115.362222,22.7925
G440701,113.082,22.5931
G440702,113.104,22.6069
G440703,113.024,22.5328
G440704,113.074,22.5811
G320211,120.2446,31.90682
G320212,120.3077,31.9185
G320213,120.2728,31.9176
G341701,117.4974,30.6539
G341702,117.4697,30.6617
G341703,117.491568,30.6648
G210101,123.542,41.8336
G210102,123.355,41.8283
G210103,123.429096,41.796767
G210104,123.4,41.7972
G210105,123.478,41.7775
G210106,123.41,41.765
G210107,123.439,41.7089
G210108,123.642,41.8333
G210109,123.429096,41.796767
G210110,123.535,41.7561
G210111,123.428,41.8472
G130901,116.871,38.323
G130902,116.885,38.299
G130903,116.858,38.325
G451201,108.2134,24.7121
G451202,108.054,24.6928
G451203,108.1009,24.6967
G441601,114.698816,23.757006
G441602,114.950036,23.6914366
G441603,114.694874,23.722691
G350501,118.065951,24.306781
G350502,118.601389,24.898889
G350503,118.581944,24.911667
G350504,118.593889,24.9425
G370901,117.0980556,36.19416667
G370902,117.1180556,36.17583333
G370903,117.1536111,36.1941667
G321201,119.9,32.48666667
G321202,119.8883333,32.46388889
G321203,119.9444444,32.47611111
G321204,119.878754,32.319413
G510501,105.4306,28.9583
G510502,105.4322,28.8558
G510503,105.4436,28.9026
G510504,105.4388,28.883
G410301,112.3627778,34.66916667
G410302,112.3938889,34.65111111
G410303,112.4275,34.62583333
G410304,112.433333,34.67
G410305,112.3844444,34.62305556
G410306,112.4830556,34.68694444
G410307,112.4663889,34.68694444
G370101,116.945,36.663
G370102,117.0486111,36.66222222
G370103,117.1247222,36.68538889
G370104,116.9427778,36.64088889
G370105,116.989,36.6872
G370106,117.0602778,36.68527778
G370107,116.9880556,36.61138889
G370108,116.734,36.5336
G370801,116.6376111,35.43677778
G370802,116.5476111,35.39088889
G370803,116.6186111,35.40888889
G630201,102.1086,36.4997
G632201,100.9048,36.9639
G632501,100.6236039,36.2757528
G460101,110.576,19.9507
G460102,110.323,20.0574
G460103,110.338,19.9969
G460104,110.283,20.0053
G460105,110.33,20.0356
G632801,97.3731,37.3753
G320606,121.1774,31.89383
G320607,121.1588991,31.8943569
G370301,117.8511111,36.80416667
G370302,118.0447222,36.83805556
G370303,118.0422222,36.80833333
G370304,117.8477778,36.49722222
G370305,117.9544444,36.63777778
G370306,118.3091667,36.81972222
G340601,116.8067,33.8997
G340602,116.8008,33.975
G340603,116.7844,33.9461
G340401,116.8306,32.6319
G340402,117.0417,32.6611
G340403,117.0083,32.645
G340404,116.8028,32.7639
G340405,116.7039,32.625
G340406,117.016,32.65
G340407,116.8556,32.6028
G320801,119.0079056,33.57803889
G320802,118.9994444,33.60722222
G320803,119.1411111,33.50305556
G320804,119.0122222,33.62694444
G320805,119.0567889,33.59919444
G440301,113.987,22.5417
G440302,113.923,22.5167
G440303,114.494,22.5422
G440304,114.297,22.5978
G440305,114.117,22.5625
G440306,114.263,22.5908
G440307,114.096,22.55
G440308,114.41,22.6342
G440309,113.891,22.5794
G440310,114.085,22.75
G440311,114.24,22.7267
G441801,113.062692,23.697899
G441802,113.047777,23.688409
G441803,113.4137742,24.18802
G330301,120.677,27.9939
G330302,120.671,28.0167
G330303,120.634,28.0089
G330304,120.76,27.9747
G610501,109.4636,34.493
G610502,109.5293,34.5101
G610503,109.5049,34.5004
G610504,109.4266,34.5021
G330501,120.09,30.894
G330502,120.112722,30.863019
G330503,120.086823,30.894348
G330504,120.07,30.8244
G430301,112.92,27.816944
G430302,112.8956886,27.8576411
G430303,113.021728,27.961788
G430304,112.955556,27.861111
G430305,112.918333,27.8575
G430306,112.9075,27.911667
G430307,112.526502,27.915005
G433101,109.6956503,28.2674718
G433102,109.7341496,28.3152255
G433103,109.6414626,28.2555805
G440801,110.45,21.25
G440802,110.392778,21.222778
G440803,110.361944,21.270555
G440804,110.401944,21.199722
G440805,110.411111,21.202778
G440806,110.331556,21.267917
G320407,119.4526,31.3949
G320408,119.4329,31.3117
G341101,118.3244,32.2786
G341102,118.3158,32.3061
G341103,118.3094,32.3153
G371601,117.9830556,37.38305556
G371602,118.0208333,37.37944444
G371603,117.9966667,37.36083333
G411101,114.056,33.567
G411102,114.0322,33.5653
G411103,114.014,33.56527778
G411104,114.005,33.568
G350601,117.6336,24.4674
G350602,117.6569,24.5157
G350603,117.725264,24.505651
G370703,119.125375,36.70365555
G370704,119.1637121,36.65166408
G370705,119.1050086,36.7314733
G370706,119.162,36.648
G370707,119.1938889,36.77305556
G370708,119.085,36.72
G370709,119.1433186,36.70211
G445101,116.6175,23.6531
G445102,116.6447,23.6706
G445103,116.633889,23.671389
G410901,115.0772222,35.767
G410902,115.0627778,35.76722222
G410903,115.031,35.763
G410904,115.029216,35.761829
G370603,121.1421659,37.6024067
G370604,121.5817255,37.3760549
G370605,121.2550926,37.4714142
G370606,121.4430704,37.47743887
G370607,121.3185607,37.546224
G370608,121.3674208,37.53964474
G410801,113.227,35.213
G410802,113.261111,35.235556
G410803,113.1991667,35.259
G410804,113.2463889,35.17638889
G231001,129.61976,44.58134
G231002,129.645556,44.608611
G231003,126.97753,45.53805
G231004,129.6104,44.584
G231005,129.61,44.565833
G450901,110.1433,22.6164
G450902,110.1106,22.7019
G450903,110.1675,22.6411
G632701,97,33.0014
G530401,102.577778,24.369444
G530402,102.496389,24.341111
G530403,102.543333,24.360278
G440401,113.495,22.2294
G440402,113.574,22.2611
G440403,113.628,22.4251
G440404,113.299,22.2281
G210211,122.015,39.6166
G210212,121.9968,39.6254
G623001,102.9064746,35.0015277
G513301,101.9628,30.0506
G513302,101.9603,30.0475
G220801,122.8211,45.6175
G220802,122.8444,45.6289
G220601,126.4047,41.9206
G220602,126.4078,41.9419
G620401,104.1731,36.5481
G620402,104.1731,36.5458
G451001,106.6527,23.8844
G451002,106.6103,23.9011
G430901,112.3439,28.56
G430902,112.3458,28.5808
G430903,112.4067,28.6428
G430904,112.3347,28.6047
G430905,112.3744,28.5819
G320901,120.155,33.39388889
G320902,120.2172222,33.38277778
G320903,120.135407,33.370299
G320904,120.1177778,33.40277778
G211101,122.10584,41.138824
G211102,122.060968,41.155037
G211103,121.923678,41.159612
G511401,103.8341,30.062
G511402,103.8495,30.0691
G511403,103.8416,30.0874
G511404,103.8986,30.0506
G640201,106.372538,39.0002141
G640202,107.333333,39.22
G640203,106.3916,38.825
G640204,106.781176,39.239302
G130101,114.562,38.042
G130102,114.542,38.031
G130103,114.521,38.052
G130104,114.51486,38.042307
G130105,114.354,37.91
G130106,114.455,38.051
G130107,114.502,38.14
G130108,114.467,38.012
G130109,114.605,38.04
G659002,86.0497,44.2967
G659003,86.0697,44.3075
G350101,119.299,26.1092
G350102,119.303,26.0392
G350103,119.414,26.0258
G350104,119.268,26.0797
G350105,119.315,26.0753
G350106,119.389,26.0542
G130301,119.526,39.828
G130302,119.595,39.9353
G130303,119.537,39.942
G130304,119.602,39.957
G130305,119.762,40.018
G370109,117.5359,36.6929
G370110,117.5415,36.7097
G532501,103.3772,23.3993
G532502,103.386,23.4168
G532503,103.3113,23.4626
G330601,120.605,29.9919
G330602,120.370375,30.32877
G330603,120.598,30.0911
G231201,126.9934,46.6384
G231202,126.9636,46.6527
G510701,104.7283,31.5072
G510702,104.7778,31.4747
G510703,104.7536,31.4539
G510704,104.6717,31.4656
G371501,116.001722,36.45746
G371502,115.9836111,36.47944444
G371503,115.991655,36.442637
G371504,116.007,36.435
G441201,112.472,23.0786
G441202,112.565,23.1617
G441203,112.471,23.0528
G441204,112.427,23.0706
G370205,120.0295,35.8695
G370206,119.999,35.8719
G370207,120.0211,36.25331
G370208,120.01308,36.28324
G510301,104.7547,29.3628
G510302,104.7692,29.3411
G510303,104.7747,29.3564
G510304,104.7214,29.3586
G330901,122.19,29.9944
G330902,122.122,30.0203
G330903,122.309,29.9558
G340201,118.402222,31.383889
G340202,118.370833,31.317778
G340203,118.352778,31.350833
G340204,118.37,31.418889
G320513,120.5613889,31.24722222
G320514,120.6177778,31.30277778
G320515,120.6130556,31.27055556
G320516,120.5908333,31.30194444
G320517,120.6405556,31.37083333
G320518,120.66525,31.31211111
G320519,120.5502778,31.29944444
G320520,120.5966667,31.30138889
G440901,110.905,21.665
G440902,111.0286,21.4689
G440903,110.933333,21.651667
G440904,110.866667,21.693333
G421001,112.2547,30.31754
G421002,112.201667,30.353056
G421003,112.2885,30.3124
G420801,0,0
G420802,112.1969,30.9892
G420803,112.2211111,31.0386111
G420804,112.2013889,31.0483333
G371008,122.4162,37.1572
G371009,122.4256,37.16575
G350301,118.981,25.4792
G350302,119.1117,25.4556
G350303,119.1015,25.3214
G350304,119.0156,25.442
G350305,119.0018,25.4552
G370609,119.975,37.185
G370610,119.96,37.195
G371201,117.6888889,36.2288889
G371202,117.725,36.2080556
G371203,117.695,36.205
G370209,120.5187,36.8848
G370210,120.541,36.868
G371701,115.4747222,35.2375
G371702,115.436222,35.254852
G371703,115.455,35.27
G360301,113.8381,27.6428
G360302,113.865,27.6178
G360303,113.8447,27.6231
G360304,113.8686,27.6442
G360305,114.0944,27.4948
G210801,122.276386,40.710069
G210802,122.3828965,40.6819367
G210803,122.17281,40.666988
G210804,122.379967,40.680303
G211401,120.8671718,40.7740407
G211402,120.84327,40.754193
G211403,120.848651,40.7219793
G211404,120.916878,40.722688
G370611,120.7664,37.8035
G370612,120.7724,37.8083
G340301,117.3086,32.935
G340302,117.3961,32.939
G340303,117.3536,32.9673
G340304,117.3575,32.9444
G340305,117.4186,32.8913
G340306,117.3065,32.8985
G131101,115.69,37.739
G131102,115.643,37.738
G131103,115.695,37.758
G430401,112.5328,26.9089
G430402,112.6197,26.8733
G430403,112.6006,26.8919
G430404,112.6211,26.8956
G430405,112.5664,26.9056
G430406,112.6194,26.9258
G330801,118.871,28.9664
G330802,118.871,28.9404
G330803,118.855,28.9745
G420601,112.1391667,32.0563889
G420602,112.155,32.0197222
G420603,112.2109722,32.0903333
G420604,112.18355,32.1145
G532801,100.8017,22.0225
G532802,100.7939,22.0019
G630101,101.834,36.5819
G630102,101.748,36.6428
G630103,101.749,36.6922
G630104,101.524,36.6867
G610101,109.2186,34.3731
G610102,108.993,34.2629
G610103,108.94,34.2324
G610104,108.954,34.2713
G610105,109.043,34.3274
G610106,108.985,34.1978
G610107,109.06,34.2572
G610108,108.935,34.3474
G610109,108.869,34.378
G610110,108.906,34.1546
G610111,109.2,34.6575
G610112,108.882,34.2749
G610113,108.883,34.2303
G411001,113.7905556,33.99527778
G411002,113.8211529,34.0343331
G411003,113.8330556,34.01166667
G330604,120.2487,29.7083
G330605,120.2209,29.7241
G450801,109.5681,23.1478
G450802,109.6042,23.0672
G450803,109.5683,23.1036
G450804,109.6014,23.0944
G520101,106.69472,26.51528
G520102,106.765,26.56
G520103,106.69722,26.56889
G520104,106.71639,26.56972
G520105,106.80472,26.30028
G520106,106.74861,26.63417
G520107,106.65556,26.43639
G520108,106.71056,26.60083
G520109,106.62417,26.62667
G520110,106.68556,26.60278
G451101,111.5622,24.4072
G451102,111.5269,24.4175
G512001,104.6294,30.1259
G512002,104.6289,30.1377
G512003,104.6469,30.1142
G512004,104.6617,30.1366
G512005,104.6356,30.1506
G360701,114.8905,25.8471
G360702,114.9367,25.8664
G360703,114.9322,25.8333
G360704,114.9461,25.8481
G360705,114.9064,25.9118
G150401,118.9572,42.2725
G150402,118.8789,42.2556
G150403,118.9233,42.2814
G150404,118.8888518,42.1695449
G220401,125.1567,42.8953
G220402,125.1358,42.8947
G211001,123.1910292,41.2076729
G211002,123.183182,41.258982
G211003,123.4137974,41.1747025
G211004,123.1424869,41.2887329
G511701,107.4988,31.2132
G511702,107.4644,31.2124
G511703,107.5086,31.2186
G511704,107.5082,31.1986
G511705,107.5277,31.2827
G140801,110.9678,35.0308
G140802,111.0522222,35.04388889
G140803,111.0233,35.0611
G140804,111.0414,35.1147
G140805,110.9956,35.0147
G140806,111.024271,35.031516
G320701,119.221611,34.596653
G320702,119.1759556,34.58855556
G320703,119.221611,34.596653
G320704,119.1463078,34.5892016
G533401,99.7064,27.8136
G533402,99.7056,27.8317
G220501,125.9361,41.7156
G220502,125.9486,41.7381
G150501,122.3039,43.6156
G150502,122.2532,43.6801
G150503,122.2603,43.6267
G510901,105.5612,30.5202
G510902,105.5555,30.5624
G510903,105.5978,30.4711
G510904,105.5899,30.5337
G520301,106.9222,27.6869
G520302,106.9242,27.7019
G520303,106.9178,27.72
G520304,106.8906,27.6486
G520305,106.923056,27.687778
G130501,114.485,37.062
G130502,114.533,37.096
G130503,114.482,37.097
G130504,114.526,37.053
G542401,92.0505,31.4733
G542402,92.0657,31.4846
G130401,114.496,36.62
G130402,114.513,36.618
G130403,114.5,36.6114
G130404,114.504,36.578
G430501,111.4733,27.2317
G430502,111.4908,27.2582
G430503,111.5239,27.3033
G430504,111.4328,27.2272
G430505,111.4503,27.2537
G410101,113.564,34.802
G410102,113.73984,34.772247
G410103,113.611277,34.91622
G410104,113.5991,34.67
G410105,113.6356,34.7538
G410106,113.681,34.7545
G410107,113.73325,34.717536
G410108,113.641,34.7745
G410109,113.675,34.8019
G431001,113.0119,25.8179
G431002,113.0383,25.8071
G431003,113.0348,25.7759
G431004,113.0116,25.8226
G431005,113.0073,25.9061
G150601,109.8119,39.5989
G150602,109.9734,39.7884
G150603,109.9486,39.8261
G150604,109.7736,39.5986
G150605,110.0023,39.8129
G420701,114.8130556,30.4133333
G420702,114.8877778,30.3945278
G420703,114.8986111,30.3716667
G620901,98.509,39.746
G620902,98.5023,39.7294
G500001,106.636071,29.725051
G500002,106.583955,29.511823
G500003,106.599573,29.42724
G500004,106.660147,29.625285
G500005,106.428663,29.827681
G500006,106.490048,29.489688
G500007,106.513976,29.508009
G500008,106.376755,29.494546
G500009,106.573611,29.648238
G500010,106.61253,29.704094
G500011,106.379,29.8272
G500012,106.647273,29.49312
G500013,106.461183,29.715053
G500014,106.306343,29.604617
G500015,106.571,29.5642
G500016,106.463014,29.577044
G500017,106.516267,29.385106
G330703,119.647,29.077
G330704,119.648556,29.104154
G330705,119.686,29.1029
G320409,119.5841,31.7494
G320410,119.5842,31.7353
G620301,102.1845322,38.5126827
G620302,102.189444,38.524444
G620303,102.1746,38.5348
G450701,108.6553,21.9508
G450702,108.6236,21.9667
G450703,108.5989,21.7431
G211201,123.874963,42.294964
G211202,123.8397474,42.3089955
G211203,123.7268008,42.2226675
G211204,123.726163,42.22297
G520601,109.17472,27.69444
G520602,109.18472,27.73472
G610201,109.0656,35.0994
G610202,108.9589,34.8731
G610203,108.9344,34.9058
G610204,109.0697,35.0697
G340701,117.8078,30.9222
G340702,117.7806,30.9414
G340703,117.7442,30.8811
G340704,117.8178,30.9414
G340705,117.8662883,30.9618743
G340706,117.8467496,30.938423
G640101,106.136,38.5036
G640102,106.230909,38.487194
G640103,106.227198,38.459533
G640104,106.233,38.4975
G640105,105.951,38.6016
G640106,106.2723962,38.4750241
G152501,116.0781,43.9311
G152502,116.1042,43.9317
G210701,121.131697,41.139368
G210702,122.041263,41.568383
G210703,121.135278,40.111389
G210704,121.044,40.837
G210705,121.199,41.121
G321103,119.4302778,32.13194445
G321104,119.4286111,32.20555556
G321105,119.6805556,32.18833333
G321106,119.435725,32.130734
G321107,119.4913889,32.215
G220101,125.454,43.7878
G220102,125.279,43.84
G220103,125.325,43.8694
G220104,125.287,43.91
G220105,125.217,43.85
G220106,125.633,43.55
G220107,125.417,43.8667
G220108,125.279,43.84
G220109,125.323,43.9167
G220110,125.25,43.8167
G430101,112.979,28.2597
G430102,112.984,28.1178
G430103,112.996,28.3586
G430104,112.891,28.1308
G430105,112.944,28.1897
G430106,113.001,28.1944
G430107,113.082,28.2422
G430108,113.003,28.143
G430109,113.078,28.2011
G430110,112.888,28.2203
G140401,113.0886,36.2126
G140402,113.1569,36.1912
G140403,113.1097,36.1542
G140404,113.151812,36.19664
G140405,113.0972,36.1939
G140406,113.0844444,36.1855
G210901,121.6761302,42.0269977
G210902,121.690984,42.069146
G210903,121.7100635,42.0388735
G210904,121.661141,42.032999
G210905,121.6540257,42.0194194
G341201,115.816707,32.888219
G341202,115.8275,32.8928
G341203,115.8556,32.8603
G341204,115.791,32.886
G450601,108.3506,21.6414
G450602,108.3411,21.6158
G450603,108.3511,21.7631
G441701,111.950833,21.853611
G441702,111.95732,21.85927
G441703,111.978611,21.858611
G140301,113.5922,37.8561
G140302,113.5158,37.85
G140303,113.5753,37.8564
G140304,113.5689,37.8694
G140305,113.6292,37.8531
G140306,113.4922,37.8792
G652901,80.2828,41.1636
G652902,80.2956,41.1933
G654301,88.1214,47.9047
G654302,88.1267,47.8515
G513201,102.1755,31.9286
G513202,102.2218,31.9025
G513203,102.2402,31.8934
G152901,105.6775,38.8343
G152902,105.724,38.8516
G152903,105.6975,38.843
G542501,80.0895,32.5039
G542502,80.1161,32.5
G621201,104.9336076,33.3841231
G621202,105.0822,33.3261
G621203,104.934,33.381
G421301,113.3586111,31.7272222
G421302,113.3769444,31.6919444
G421303,113.3983,31.7308
G511801,103.009,30.0125
G511802,103.0001,29.9816
G511803,103.0109,29.9834
G511804,103.0013,29.9899
G370211,120.660697,36.240156
G370212,120.36125,36.103886
G370213,120.39492,36.308156
G370214,120.465427,36.091009
G370215,120.336184,36.069711
G370216,120.403259,36.06525
G370217,120.294134,36.054169
G370218,120.380186,36.18457
G370219,120.185909,35.958797
G210301,123.138067,41.031458
G210302,123.0466946,41.1512218
G210303,122.997223,41.104806
G210304,122.963611,41.089722
G210305,123.026248,41.135121
G210306,122.969672,41.119778
G210307,122.9407,41.0784
G440201,113.606944,24.799167
G440202,113.578333,24.770833
G440203,113.596389,24.686111
G440204,113.539722,24.810833
G440205,113.641389,24.793889
G340501,118.482778,31.643889
G340502,118.6517,31.7155
G340503,118.510556,31.750556
G340504,118.505833,31.686111
G340505,118.48,31.692778
G411701,113.996,32.996
G411702,114.018,32.965
G411703,114.0130556,33.00694444
G230301,130.9298,45.2978
G230302,130.962,45.2924
G230303,131.0103,45.2948
G230304,130.9817,45.305
G410601,114.2955556,35.75111111
G410602,114.17,35.90194444
G410603,114.2877778,35.73055556
G230401,130.3172,47.3489
G230402,130.1097,47.3382
G230403,130.2659,47.3349
G230404,130.261,47.2753
G360601,116.9983,28.2169
G360602,117.0222,28.2264
G360603,117.0564,28.2642
G360604,117.0281,28.2403
G360605,116.9622,28.095
G421101,114.872316,30.453906
G421102,114.9074556,30.4719222
G632301,102.0199,35.5102
G341001,118.3057,29.7128
G341002,118.3236,29.7207
G341003,118.1371,30.2756
G420201,114.9492694,30.1759889
G420202,115.0624722,30.2351944
G420203,115.0263889,30.2099444
G420204,114.9014139,30.2066028
G420205,115.0766667,30.2027778
G231101,127.4961,50.2486
G231103,127.5044,50.2391
G231102,127.4143,50.2538
G522601,107.89083,26.53111
G522602,107.97444,26.57778
G522603,107.982859,26.583442
G522701,107.52278,26.24056
G522301,104.90222,25.0925
G522302,104.88111,25.09917
G230201,123.916667,47.383333
G230202,123.983333,47.383333
G230203,123.93045,47.363617
G230204,123.616667,47.183333
G230205,123.95213,47.30139
G350801,117.0256,25.0661
G350802,117.0151,25.0311
G350803,117.0216,25.1035
G350804,117.0181,25.1174
G120019,117.200983,39.084158
G120020,117.200983,39.084158
G120021,117.209479,39.136253
G120022,117.209479,39.136253
G120023,117.309707,39.083305
G120024,117.200983,39.084158
G120025,117.37094,39.16185
G120026,117.791259,39.154068
G210112,123.541209,41.858868
G210113,123.4586623,41.7468268
G210114,123.427093,41.766907
G210115,123.294025,41.771943
G210116,123.543043,41.832615
G210117,123.4260338,41.8389545
G210118,123.4406575,41.7782539
G210119,123.431472,41.805699
G210120,123.400846,41.83294
G320214,120.371397,31.476907
G320215,120.375558,31.550169
G320216,120.31191,31.49117
G441906,113.785503,23.049812
G441907,113.7561242,23.0276873
G510110,104.057255,30.657144
G520111,106.6943774,26.577713
G520112,106.750625,26.630845
G520113,106.67026,26.409818
G520114,106.631087,26.632078
G520115,106.71414,26.591842
G520116,106.630154,26.647661
G210805,122.3828965,40.6819367
G210806,122.276386,40.710069
G210807,122.235418,40.667012
G210605,124.354451,40.000787
G210606,124.428207,40.156313
G210607,124.395757,40.13652
G210608,124.152274,39.885819
G211104,121.9278611,41.160998
G211405,120.83694,40.711041
G211406,120.84327,40.754193
G211407,120.83694,40.711041
G211408,120.8671718,40.7740407
G441604,114.700961,23.743686
G441605,114.713721,23.757251
G441606,114.696159,23.722621
G441804,113.047777,23.688409
G441805,113.0099866,23.7347917
G445205,116.375107,23.528299
G445206,116.3344188,23.5399013
G445207,116.379501,23.547999
G445208,116.418299,23.51262
G210308,123.192563,41.270283
G210309,122.994329,41.108647
G210310,122.98225,41.108742
G210311,123.216616,41.234895
G210312,123.1166952,41.0124847
G210407,123.784207,41.853646
G210408,123.9272171,41.8864946
G210409,124.038685,41.853192
G210410,123.5102009,41.9445232
G210411,124.0839601,41.9059371
G210507,123.800522,41.27833
G210706,121.126846,41.095685
G210707,122.1473745,41.7175282
G610309,107.3906,34.3528
G210906,121.656803,42.019367
G210907,121.661165,42.007004
G210908,121.670324,42.021619
G211005,123.212332,41.200459
G211006,123.155663,41.257625
G211007,123.17835,41.283995
G211008,123.129141,41.271924
G211205,123.726035,42.223828
G211206,123.726035,42.223828
G211207,123.7267998,42.2226682
G211305,120.450372,41.573734
G211306,120.4559902,41.5714413
G211307,120.450372,41.573734
G211308,120.413376,41.576749
G120027,117.18495,39.22605
G120028,117.19405,39.10671667
G120029,117.3916,39.1495
G120030,117.1933667,39.17295
G131005,116.715,39.552
G410705,113.926,35.279
G410905,114.9905556,35.767
G371404,116.274722,37.449167
G511905,106.7608,31.8456
G511906,106.7583,31.8475
G511606,106.640588,30.484353
G341704,117.49,30.66
G210121,123.2444,41.7347
G210122,123.5953,41.9086
G330505,120.1844,30.8596
S110002,116.174,40.09
S110009,116.0951,39.94472
S110016,116.349,39.954
S110023,116.2135,39.99452
S110005,116.483,39.939
S110003,116.404,39.718
S110006,116.1546,39.73135
S110007,116.2849,39.806
S110012,116.368,39.856
S110014,116.395,39.899
S110015,116.6605,39.89914
S110018,116.506,39.795
S110019,116.394,39.876
S110008,116,39.58
S110020,116.782,39.712
S110021,116.3223,39.52156
S110001,116.0188,40.36139
S110004,117.12,40.1
S110010,116.832,40.37
S110011,116.9686,40.50473
S110013,117.1,40.143
S110017,115.9679,40.45763
E110001,116.4662,39.95435
G320705,119.3681278,34.75075
G320706,119.1414139,34.58955556
G320707,119.3480278,34.69842778
G320308,117.1916667,34.30833333
G320309,117.1661111,34.18055556
G320411,119.9619444,31.80888889
G320412,120.0394444,31.76388889
G320413,119.8925,31.78638889
G321205,119.8816667,32.30305556
G320905,120.1288889,33.37194444
G321305,118.2658333,33.96
G330606,120.7789,30.0033
G330706,119.6533,29.1128
G350107,119.58,26.0931
G360110,115.9083,28.6064
G500018,106.49,29.53
G500019,106.4,29.57
G500020,106.55,29.4
G640107,106.2275,38.44139
G640108,106.2739,38.4841
G640109,106.1024,38.49494
G650108,87.4651,43.4569
G371204,117.7181,36.2092
G370613,121.5992,37.4014
G370505,118.696,37.43445
G441806,113.0472,23.63444
G445104,116.6183,23.65889
G530404,102.5389,24.3702
G530405,102.5381,24.339
G140207,113.2803,40.1114
G141007,111.505,36.10139
G150405,119.2654,42.035
G410308,112.4333333,34.67
G411205,111.19,34.7822
G510305,104.7214,29.3586
G510306,104.7747,29.3564
G320608,121.1589,31.8947
G350604,117.7116,24.506
G150703,119.7512,49.1577
G150903,113.12152,41.047019
G152204,122.100431,46.081363
G420805,112.1908,31.03389
G421103,114.8858,30.4519
G532504,103.3758,23.3682
G460301,0,0
S120001,117.293766,39.6939166
S120002,117.3431167,39.51626667
S120003,117.6503,39.02096667
S120004,117.0901667,39.07846667
S120005,117.4444167,40.04175
S120006,116.9148,38.94316667
S120007,116.7794167,38.84516667
S120008,117.8165667,39.32815
S120009,117.04264,39.384055
S120010,117.1203306,39.34089722
S120011,117.0300556,39.06077778
G371205,117.6983,36.2211
G130706,114.892,40.795
G130306,119.607,39.936
G360111,115.973,28.6969
G611003,109.9643,33.8471
G410506,114.3930556,36.08833333
G520405,105.92778,26.26111
G520406,105.94083,26.24306
G520407,105.89833,26.24806
G520408,105.9278,26.255
G430706,111.701528,28.970389
G430707,111.701528,28.970389
G430708,111.701528,28.970389
G510111,104.2725,30.5589
G630202,102.1086,36.4997
G513303,101.953333,29.997222
G630105,101.834,36.5819
G411004,113.8208333,34.03138889
G542403,92.0505,31.4733
G500021,106.55317,29.565833
G410205,114.3405556,34.80222222
G511405,103.8578,30.0744
G511406,103.8286,30.0561
G420206,114.9492694,30.1759889
G420111,114.37,30.5733
S110024,116.146,39.824
S110026,116.279,39.863
S120012,117.2016833,39.0927
S120014,117.2016833,39.0927
E310001,121.478,31.2036
E510101,104.079,30.5706
G370506,118.5022222,37.46583333
E440101,113.568,23.2783
S520101,106.872,26.7558
G511105,103.7705,29.5467
E210101,123.542,41.8336
S370601,121.1421659,37.60240665
G370614,121.2613035,37.49649023
S430701,111.701528,28.970389
G370904,117.1438361,36.19397778
G141008,111.4917,36.0417
G420207,114.9492694,30.1759889
S110027,116.3677,39.88022
G440312,113.987,22.5417
G440313,113.987,22.5417
G321006,119.46,32.38777778
G610405,108.6594,34.2969
G410805,113.261,35.235
G620304,102.1845322,38.5126827
G340805,116.9894,30.6145
G370710,119.07838,36.73357
S130101,114.157,38.021
S130102,114.152,38.038
S130103,114.069,38.071
S130104,114.06,38.088
S130105,114.517,37.766
S130106,114.529,37.772
S130107,114.204,38.267
S130108,114.196,38.248
S130109,114.668,38.367
S130110,114.667,38.334
S130111,114.69,38.349
S130112,114.958,38.173
S130113,114.991,38.178
S130114,115.038,38.033
S130115,115.011,38.026
S130116,114.651,37.881
S130117,114.635,37.9
S130118,114.633,37.906
S130119,114.562,38.133
S130120,114.565,38.166
S130121,114.593,38.159
S130122,115.213,38.197
S130123,115.184,38.181
S130124,114.367,38.315
S130125,114.386,38.302
S130126,114.85,38.015
S130127,114.85,38.032
S130128,114.843,38.023
S130129,114.56,38.444
S130130,114.546,38.428
S130131,114.377,37.648
S130132,114.392,37.672
S130133,114.77,37.756
S130134,114.774,37.747
S130135,114.77,37.771
G130110,115.201,37.933
G130111,115.224,37.949
G130112,115.221,37.928
S130136,114.607,37.623
S130137,114.601,37.601
S130138,114.347,38.085
S130139,114.325,38.098
S130140,114.324,38.083
S130701,114.744,40.769
S130702,114.726,40.774
S131001,117.039,39.985
S131002,117.039,39.993
S130703,115.27,40.494
S130704,115.296,40.508
S130901,116.537,37.889
S130902,116.532,37.872
S130201,118.091,39.582
S130202,118.099,39.583
S130203,118.117,39.561
S130801,116.652,41.215
S130802,116.64,41.231
S130204,118.129,39.831
S130205,118.139,39.841
S130206,118.169,39.839
S130501,114.528,37.441
S130502,114.514,37.441
S130401,114.601,36.33
S130402,114.586,36.321
S130503,115.479,36.873
S130504,115.501,36.871
S130207,118.901,39.417
S130208,118.919,39.432
S130705,114.725,41.155
S130903,116.12,38.737
S130904,116.124,38.694
S130905,116.091,38.675
S130505,114.699,37.135
S130506,114.667,37.121
S130803,117.507,40.423
S130804,117.49,40.414
S130805,117.669,40.552
S131101,115.584,37.541
S131102,115.605,37.549
S131103,115.581,37.548
S130507,114.494,37.286
S130508,114.519,37.293
S130906,117.313,38.385
S131003,116.285,39.461
S131004,116.307,39.461
S130301,119.479,39.818
S130509,114.681,37.021
S130510,114.671,37.015
S130511,115.412,37.364
S130512,115.369,37.367
S130513,115.381,37.339
S130907,116.712,38.036
S130908,116.704,38.05
S130601,115.462,38.453
S130602,115.455,38.455
S130302,118.901,39.889
S130303,118.899,39.9
S130806,117.793,40.958
S130209,118.454,39.74
S130210,118.695,40.268
S130909,116.416,37.63
S130910,116.397,37.631
S130603,114.993,38.738
S130604,114.976,38.748
S130807,117.771,41.956
S130808,117.756,41.949
S131005,116.291,39.456
S130403,114.463,36.625
S130404,114.45,36.617
S131006,117.653,40.494
S131007,116.997,39.892
S130405,115.155,36.291
S130406,115.154,36.291
S130407,115.147,36.293
S131008,116.648,38.705
S131009,116.66,38.712
S130514,115.317,36.984
S130515,115.264,36.99
S130911,117.125,38.056
S130912,117.098,38.045
S130516,114.937,37.624
S130517,114.918,37.62
S130518,114.921,37.61
S130605,115.322,38.428
S130606,115.325,38.435
S131104,115.512,38.233
S131105,115.532,38.238
S130607,115.932,38.933
S130608,115.942,38.942
S130609,115.796,39.278
G130607,114.988,38.523
G130608,114.984,38.509
G130609,114.997,38.522
S130706,115.106,40.615
S130707,114.917,40.677
S130610,115.868,39.048
S130809,118.474,40.607
S130810,118.468,40.596
S130708,113.978,41.085
S130709,113.979,41.09
S130304,119.77,39.977
S130408,114.2,36.443
S130409,114.24,36.423
S130710,115.289,40.98
S130711,115.29,40.98
S130519,115.031,37.218
S130520,115.03,37.234
S130521,115.014,37.052
S130522,115.029,37.063
S130811,118.699,41.017
S130812,118.68,41.006
S130523,115.139,37.059
S130524,115.133,37.074
S130410,114.952,36.482
S130411,114.949,36.484
S130712,114.588,41.854
S130713,114.585,41.836
S131010,116.679,39.531
S130211,118.262,39.666
S130212,118.269,39.674
S130714,114.726,41.165
S130611,116.091,39.028
S130612,116.035,39.059
S130613,115.662,39.025
S130715,114.403,40.678
S130716,114.392,40.68
S130717,115.503,40.419
S130718,115.524,40.421
S130412,114.693,36.453
S130413,114.671,36.44
S130813,118.184,40.782
S130814,118.17,40.775
S130305,119.251,39.882
S130306,119.249,39.871
S131106,115.961,37.347
S131107,115.935,37.36
S131011,116.476,38.871
S131012,116.464,38.88
S130525,115.258,37.518
S130526,115.242,37.522
S130307,119.177,39.734
S130308,119.167,39.713
S130614,115.501,39.353
S131108,116.234,37.691
S131109,116.269,37.692
S131110,116.251,37.676
S130414,114.951,36.785
S130415,114.979,36.751
S130615,114.725,38.62
S130616,114.746,38.614
S130213,118.436,39.277
S130214,118.456,39.29
S130617,115.127,38.706
S130618,115.16,38.705
S131111,115.709,37.52
S131112,115.704,37.509
S130527,114.7,37.488
S130528,114.696,37.478
S130416,114.208,36.67
S130417,114.187,36.703
S130418,114.263,36.686
S131113,115.964,38.03
S131114,115.954,38.035
S131115,115.887,37.802
S131116,115.893,37.801
S130215,118.721,40.221
S130419,114.5,36.77
S130420,114.497,36.783
S130421,114.475,36.754
S131013,116.504,39.322
S131014,116.48,39.321
S130529,114.51,36.861
S130530,114.512,36.877
S130531,114.497,36.855
S130913,116.922,38.262
S130914,116.673,38.234
S130619,115.877,39.068
S130915,116.801,38.295
S130916,116.095,38.444
S130917,116.113,38.438
S130918,116.092,38.447
S130719,115.681,41.668
S130720,115.666,41.668
S130919,116.558,38.072
S130920,116.585,38.089
S130921,116.593,38.079
S130922,117.493,38.142
S130923,117.48,38.138
S130422,113.686,36.589
S130423,113.673,36.583
S130620,115.714,39.394
S130621,114.704,39.355
S130622,115.979,39.504
S130623,115.971,39.473
S130624,116.034,39.492
S130721,115.229,40.371
S130722,115.215,40.373
S131117,115.743,38
S131118,115.559,38
S130532,115.655,37.037
S130533,115.678,37.078
S130625,115.486,38.778
S130626,115.496,38.771
S130627,115.524,39.568
S130628,115.329,38.955
S130216,118.681,39.51
S130217,118.673,39.497
S130218,118.67,39.741
S130219,118.71,39.747
S130815,117.329,40.925
S130816,117.344,40.949
S130817,117.66,40.551
S131119,115.65,37.648
S130924,116.147,38.194
S130925,116.117,38.189
S130220,117.72,39.899
S130221,117.745,39.907
S130629,116.029,39.109
S130926,117.237,38.064
S130927,117.21,38.035
S130424,114.394,36.376
S130425,114.388,36.36
S130426,114.384,36.38
S130222,118.239,39.635
S130928,115.823,38.422
S130929,115.81,38.433
S130427,114.788,36.549
S130723,114.576,39.856
S130724,114.596,39.846
S130630,115.578,38.488
S130631,115.589,38.51
S130725,115.838,40.919
S130726,115.806,40.907
S130428,114.199,36.419
S130223,118.711,40.003
S130224,118.689,39.981
S130225,118.683,40.001
S130226,118.297,40.128
S130227,118.311,40.152
S130228,117.952,40.197
S130229,117.959,40.189
S130230,117.991,40.205
S130534,114.403,37.058
S130535,114.348,37.183
S130429,114.526,36.594
S130430,115.174,36.819
S130431,115.181,36.811
S131120,116.174,37.866
S131121,116.151,37.867
S130632,114.193,38.85
S130633,114.194,38.851
S130727,114.143,40.103
S130728,114.128,40.105
S130818,117.733,41.31
S130819,117.734,41.326
S130536,114.792,37.346
S130537,114.752,37.354
S130634,116.123,39.011
S130635,116.09,38.982
S131015,116.417,39.124
S131016,116.382,39.126
S131017,116.352,39.154
S130930,116.81,38.589
S130931,116.804,38.574
S130309,118.933,40.403
S130310,118.952,40.418
S130636,115.15,38.85
S130637,115.111,38.836
S131122,115.718,38.228
S131123,115.735,38.23
S130432,115.3,36.541
S130433,115.271,36.548
S131018,117.016,39.77
S131019,116.997,39.758
S130434,114.798,36.566
S130638,115.9,39.32
S130639,115.782,38.682
S130640,115.764,38.692
S130435,114.935,36.334
S130436,114.926,36.347
S130437,114.879,36.918
S130438,114.851,36.9
S130932,117.365,38.375
S130933,117.337,38.377
S130641,115.814,39.269
S130642,115.479,39.347
S130643,115.713,39.393
S130644,114.698,39.359
S130645,115.88,39.332
S131020,117.085,39.988
S411001,113.4948972,33.87138889
S410401,113.0592551,33.83647913
S410101,113.7455556,34.39666667
S410301,111.6371119,33.78299151
S411601,114.4009444,34.06741667
S410302,111.6133333,33.79083333
S410601,114.1624913,35.63525897
S411401,0,0
S410501,113.8333333,36.06194444
S410303,111.6788889,34.37166667
S410502,113.8211111,36.09194444
S410304,111.7102778,33.79388889
S411201,111.0485573,34.04847633
S410305,112.075811,34.12467943
S410306,112.0684722,34.11291667
S411301,113.3963056,32.36519444
S410307,112.2439167,34.26713889
S411302,112.4415556,33.50175
S411303,112.4163611,33.50822222
S411304,111.4955556,33.14472222
S411305,111.5364444,33.10902778
S411202,111.086175,34.060689
S411203,110.890944,34.51772161
S411204,111.8819444,34.74416667
S410308,112.1519,34.5394
S410402,112.9226604,33.70985522
S410403,112.8843754,33.9053944
S411205,110.87,34.5125
S411206,111.8408333,34.75444444
S411501,114.8708333,31.61083333
S411207,111.0374391,34.05158328
S411208,110.9474087,34.5373885
S411209,111.1858333,34.79166667
S411306,113.4423333,32.36661111
S410309,111.6478944,34.39730045
S410310,112.4807517,34.13730052
S411502,114.8780556,31.67583333
S410102,113.0252778,34.47111111
S410404,112.8938888,33.8644444
S411307,112.4408889,33.4605
S411308,111.51175,33.33091667
S411701,114.25271,33.27753
S411702,114.01963,32.81743
S410311,112.3161,34.5635
S411503,114.9084231,31.97982027
S411602,115.4044444,34.23055556
S411309,112.8015556,32.68911111
S411504,115.4283333,32.45555556
S410312,112.4380938,34.83064909
S410313,112.2947083,34.68926944
S410405,113.5152778,33.29833333
S410801,113.069,35.16301
S410314,112.1254889,34.72517778
S411801,112.584,35.092
S411802,112.6,35.1
S410103,113.3747222,34.78805556
S411803,112.633,35.068
S411505,115.3983333,32.47666667
S411703,114.3243,33.00805
S411704,114.61599,32.95806
S410503,113.8486914,36.11714478
S411310,111.46625,33.31044444
S411311,112.3536111,32.52277778
S411506,115.032199,32.14725013
S411705,114.63766,32.96512
S410602,114.5475,35.68111111
S410406,0,0
S410104,0,0
S410802,113.0807,35.15129
S410407,113.2075,33.98416667
S411402,115.3057278,34.47500833
S411403,116.1613037,34.22998567
S410603,114.5472222,35.69527778
S411312,112.8478889,32.66013889
S411706,114.35995,32.60278
S410504,114.4069444,35.90888889
S410105,114.0094444,34.72527778
S410803,113.0739382,35.15152872
S411313,111.8631111,33.05888889
S411404,115.3227412,34.10415273
S411507,115.4066667,32.47416667
S410106,113.3725,34.54805556
S410804,113.403662,35.10180243
S411707,114.04862,32.82638
S411508,0,0
S411708,113.99932,32.7973
S410505,0,0
S411709,114.01569,33.14606
S410901,115.1489139,36.06246667
S410315,112.4692313,34.15298017
S411002,113.4903278,34.17131111
S411210,111.8686111,34.74888889
S411314,112.2448333,33.03908333
S411603,114.5320674,33.80581575
S411710,114.25131,33.25802
S411405,115.1777778,34.64861111
S411101,113.9488056,33.80958333
S411509,114.7302778,32.3325
S411406,0,0
S410408,113.3255698,33.60370296
S410107,0,0
S410604,114.5472222,35.69527778
S410805,113.0628,35.17527
S411003,114.1573012,34.1146079
S411102,113.5862778,33.437
S411407,115.2753241,34.07821486
S411315,0,0
S411510,0,0
S410902,115.8673056,35.97047222
S410108,113.3955556,34.54416667
S411408,116.1207219,34.21048601
S411711,114.989814,32.755015
S410903,115.252925,36.09928333
S411604,115.464982,33.873699
S411409,115.3082963,34.46298667
S411605,115.0909276,33.40905837
S411712,113.99223,33.13909
S411606,114.87442,33.47683333
S410409,0,0
S410410,113.5444087,33.28583088
S410806,113.7763694,35.33006111
S410109,113.9719444,34.72083333
S411316,112.36,32.53611111
S410201,0,0
S410506,114.9172222,35.975
S410110,0,0
S410507,114.8902481,35.95884638
S411713,114.3967,32.6036
S411714,114.34359,33.0152
S411715,114.989814,32.755015
S411511,114.509762,32.19775614
S411512,115.4111111,31.785
S410202,0,0
S410605,113.9086111,35.38972222
S410701,113.4384611,35.2226
S410111,113.6404773,34.53801321
S411103,113.9145,33.84072222
S411317,112.9120278,33.03188889
S411513,114.9140679,32.00625361
S410807,113.0788889,34.94694444
S410411,113.080285,33.86623021
S410112,113.7860582,34.39285957
S411318,112.9830556,33.22416667
S411716,114.00152,33.38229
S410702,0,0
S411319,112.8376667,32.68461111
S411410,115.06808,34.44609
S411717,113.28469,32.73225
S411718,114.60361,32.9725
S410113,113.0861111,34.45416667
S410114,113.3008333,34.81305556
S411320,111.8453611,33.03916667
S411514,114.7732828,32.36540783
S411719,113.32322,32.74007
S411720,113.96069,33.14893
S410203,0,0
S410703,113.934444,35.068611
S411321,113.0351667,33.26316667
S410316,112.8016667,34.73805556
S410904,115.0547222,35.72027778
S411322,112.1990278,33.03530556
S410204,114.4596389,34.48891667
S410704,114.1325,35.18638889
S410317,112.3495185,34.73261751
S411607,114.3862778,34.05747222
S411608,115.1679113,33.63920695
S410705,0,0
S410412,112.9782708,33.74184741
S410808,113.461775,35.22523889
S410413,113.3319444,33.625
S411104,113.6126389,33.45627778
S410706,113.679604,35.271484
S410809,112.7798133,34.91971618
S411515,114.7458333,32.35305556
S410508,114.5811111,36.01944444
S410905,115.1284167,35.86955556
S411411,115.8466617,34.41287168
S411516,115.0535058,32.11949694
S411105,113.5998889,33.44180556
S410707,113.707504,35.005628
S410810,112.6903593,34.90132082
S410205,114.18225,34.41233333
S410318,112.4413889,34.41444444
S410115,113.3972222,34.78083333
S410906,115.5455556,35.77777778
S411323,112.9420833,33.0595
S411609,114.3863056,34.02425
S410509,114.9119444,35.95888889
S410708,113.6772222,35.26916667
S410907,115.1284167,35.86955556
S410709,114.3877778,35.05638889
S410710,113.8169,35.1718
S410711,113.943096,35.047836
S410908,115.8425278,35.98644444
S411004,114.1167306,34.08815833
S410811,112.7861111,34.91861111
S411412,115.08946,34.44412
S410206,114.77725,34.55186111
S411413,116.1264296,34.23881014
S411610,114.5538206,33.79050444
S410812,112.9286111,35.0825
S411414,115.0583,34.46249
S411415,115.1561111,34.63222222
S410510,0,0
S410207,114.4568333,34.47605556
S410606,114.1866667,35.60333333
S410712,114.0194,35.2231
S410813,113.6377778,35.23611111
S411611,114.8862267,33.41502833
S411721,113.99987,33.39476
S411005,114.2178417,34.08168333
S411006,113.5007583,33.85278333
S410713,114.4291667,35.03
S410909,0,0
S410208,114.7332306,34.55647222
S410209,114.1962444,34.40713056
S410814,112.8,35.1825
S410714,113.969217,35.218675
S411612,114.5206423,33.77315716
S411007,114.3865833,34.22144444
S411613,114.9020025,33.74640268
S410715,113.9086111,35.38972222
S411008,113.4948972,33.87138889
S411614,114.8594539,34.06347904
S410716,114.0664924,35.30093578
S411615,114.8618889,34.03057222
S411616,115.0733497,33.38844292
S411617,115.1533333,33.64722222
S411618,115.2091667,33.66
S410815,113.2088889,34.90722222
S410910,115.0547222,35.72027778
S410911,115.0298611,35.7096388
S410210,114.19582,34.39049
S410717,114.0933333,35.67666667
S411416,115.1327778,34.61222222
S410718,113.7869444,35.47722222
S411619,114.5985779,33.57126265
S410816,113.0727778,34.94027778
S410719,114.1905556,35.16666667
S411009,113.7609538,34.21257453
S411620,114.6200998,33.56053023
S410912,115.4980556,35.85305556
S411722,114.27357,33.26972
S410913,115.0982778,35.88275
S410720,113.9908333,35.46972222
S410817,113.0748214,34.90089757
S411417,115.8238889,34.40166667
S410721,114.3877778,35.05638889
S410722,114.006549,35.466817
S410723,113.9298566,35.04243403
S410724,114.1325,35.18638889
S411804,0,0
S411805,0,0
S410414,113.3972222,33.705
S410818,112.8,35.1825
S410415,113.0513889,33.87
S410725,113.956654,35.075731
S411010,113.4775833,33.8475
S411517,115.0053888,32.1234207
S410416,113.2245534,33.97583007
S410319,112.7352941,34.69545621
S411723,114.37792,32.61329
S410116,113.0538889,34.46138889
S410914,115.252925,36.09928333
S370101,117.0211111,36.66138889
S370102,117.1655556,36.64611111
S370103,117.0688889,36.63777778
S370104,117.0241667,36.59277778
G370111,116.99,36.685833
S370105,116.9477778,36.70027778
S370106,117.1247222,36.72256667
S370107,117.2130556,36.4785
S370108,117.1858333,36.68138889
G370112,116.7651667,36.54861111
S370109,116.793713,36.532453
S370110,117.265095,36.635446
S370201,120.035032,35.876078
S370202,120.155109,35.970289
S370203,120.47547,36.090925
S370204,120.42866,36.1451864
S370205,120.448065,36.1788
S370206,120.45776,36.257319
S370301,117.9233333,36.66555556
S370302,118.0244444,36.80305556
S370303,118.0240322,36.834923
S370304,117.8702778,36.45972222
S370305,118.3650696,36.80161017
S370306,117.9205556,36.825
S370307,118.0158333,36.90472222
S370401,117.5897222,34.82
S370402,117.3147222,34.81027778
S370403,117.3575,34.8225
S370501,118.616667,37.433333
S370502,118.5,37.45
S370503,118.5044444,37.44166667
S370504,118.5163889,37.88305556
G370507,118.673874,37.43284234
S370602,121.3553673,37.52368316
S370603,121.430478,37.530112
G370615,121.595278,37.387222
S370604,121.412222,37.437222
G370616,121.2529217,37.5599778
S370605,121.0662505,37.67283315
S370606,121.5068398,37.42276743
S370701,119.0220228,36.6868384
S370702,119.0190712,36.72790499
S370703,119.12416,36.61401
S370704,119.0947157,36.77316001
S370705,119.1744876,36.71627836
S370801,116.5963889,35.44277778
S370802,116.6576111,35.39088889
G370804,116.786949,35.555854
S370803,116.6936111,35.42505556
S370804,116.6038889,35.36477778
S370901,117.1841667,36.20472222
S370902,117.1591667,36.17
S370903,117.1013889,36.11638889
S371001,122.1412574,37.51363425
S371002,122.1558142,37.32453537
S371003,122.0444208,37.48458826
G371010,122.0512579,37.53392123
S371004,122.062606,37.195254
S371101,119.5327778,35.44222222
S371102,119.5688889,35.4625
S371103,119.311305,35.129037
S371104,119.5086111,35.37361111
G371206,117.6888889,36.22888889
S371201,117.6469444,36.26611111
S371202,117.7330556,36.245
G371207,117.725,36.20805556
S371203,117.8661111,36.06694444
S371301,118.2877778,35.11527778
S371302,118.374756,35.089222
S371303,118.36889,35.026896
S371304,118.409925,35.033117
S371401,116.3713889,37.43222222
G371405,116.318889,37.448889
S371402,116.3516667,37.46194444
S371403,116.3105556,37.47805556
S371404,116.580961,37.329209
S371501,115.960443,36.444517
S371502,115.9547222,36.47111111
S371503,116.0377778,36.45916667
S371601,117.9730556,37.3675
S371602,117.9377778,37.39555556
S371603,117.9375,37.35555556
S371604,118.097778,37.695
S371701,115.4086111,35.24361111
S371702,115.579444,35.065556
S371703,115.58,35.06
S371704,115.5191667,35.26194444
S371705,115.5258333,35.22305556
S370111,117.5375,36.687222
S370112,117.512778,36.676389
S370113,116.459722,36.283333
S370114,116.478056,36.292222
S370115,117.190833,36.971944
S370116,117.155,36.985833
S370117,117.163889,37.316667
S370118,117.138611,37.264167
S370207,120.015833,36.872222
S370208,120.0197778,36.27582778
S370209,120.014167,36.252778
S370210,120.416389,36.379722
S370211,120.501389,36.403333
S370212,119.944722,36.790556
S370213,119.975833,36.798611
S370214,120.536667,36.864444
S370215,120.53,36.888611
S370308,118.08,36.931389
S370309,118.076111,36.960278
S370310,117.887222,37.209167
S370311,117.915833,37.18
S370312,118.157778,36.208056
S370313,118.140278,36.205556
S370404,117.166348,35.09974
S370405,117.94624,35.64851
S370406,117.182015,35.038775
S370505,118.5725,37.566389
S370506,118.5674,37.5493
S370507,118.252222,37.504167
S370508,118.242778,37.481944
S370509,118.431389,37.047778
S370510,118.705556,37.166944
S370607,120.695833,37.989722
S370608,120.319722,37.619444
S370609,120.4781,37.5767
S370610,120.473056,37.644444
S370611,120.634444,36.951944
S370612,120.714722,36.9775
S370613,119.956944,37.1875
S370614,119.940556,37.176667
S370615,120.7725,37.808611
S370616,120.8022,37.7983
S370617,120.398611,37.373611
S370618,120.429722,37.361944
S370619,120.842222,37.336944
S370620,120.836944,37.306944
S370621,121.150556,36.794167
S370622,121.196944,36.735
S370706,118.51996,36.50001
S370707,118.543056,36.502778
S370708,118.833611,36.730278
S370709,118.8779,36.6848
S370710,118.490833,36.681389
S370711,118.45581,36.65739
S370712,119.406111,36.003333
S370713,119.4044,36.0449
S370714,118.735278,36.868333
S370715,118.786667,36.858611
S370716,119.222778,36.478889
S370717,119.240278,36.436944
S370718,119.7478,36.3432
S370719,119.801667,36.358889
S370720,119.390278,36.842222
S370721,119.431389,36.858611
S370805,116.844167,35.558611
S370806,116.817222,35.531389
S370807,117.130833,34.810556
S370808,117.144722,34.790556
S370809,116.657778,35.019167
S370810,116.6475,34.996111
S370811,116.294167,35.081667
S370812,116.316111,35.065278
S370813,116.341111,35.405556
S370814,116.37,35.413611
S370815,116.472778,35.694444
S370816,116.488056,35.702778
S370817,117.251944,35.664167
S370818,117.2825,35.6525
S370819,116.101944,35.801944
S370820,116.094722,35.811389
S370821,116.994722,35.612778
S370822,116.9925683,35.58291899
S370823,116.920833,35.429444
S370824,116.972222,35.411389
S370825,116.998889,35.405556
S370904,117.0411111,36.20194444
S370905,116.802778,35.762778
S370906,116.816944,35.758333
S370907,116.468889,35.921944
S370908,116.455278,35.93
S370909,117.795067,35.897545
S370910,117.686348,35.87699
S370911,116.746667,36.181389
S370912,116.775556,36.177778
S371005,122.0693,37.2176
S371006,122.505833,37.165
S371007,122.4425,37.170278
S371008,121.543889,36.907222
S371009,121.5337,36.9227
S371105,119.215556,35.741111
S371106,119.210556,35.757222
S371107,118.846667,35.641667
S371108,118.862778,35.5925
S371305,118.450901,35.556976
S371306,118.5223,35.553959
S371307,118.411226,34.623383
S371308,118.313725,34.640243
S371309,118.625885,35.19541
S371310,118.592156,35.759922
S371311,118.049933,34.853106
S371312,118.023333,34.836667
S371313,117.966256,35.2541
S371314,118.042186,35.280751
S371315,117.608061,35.516189
S371316,117.656622,35.474806
S371317,118.853935,35.19541
S371318,118.810625,35.209131
S371319,117.947958,35.719475
S371320,117.988572,35.691358
S371321,118.655871,34.899985
S371322,118.619707,34.940952
S371405,116.544167,37.348056
S371406,116.756814,37.597456
S371407,116.796667,37.627222
S371408,117.401028,37.779419
S371409,117.370556,37.757222
S371410,116.775194,37.195333
S371411,116.873472,37.17425
S371412,116.741388,36.781666
S371413,116.764166,36.802777
S371414,116.430833,37.163056
S371415,116.456111,37.162222
S371416,116.004522,36.952799
S371417,116.005638,36.98425
S371418,116.085,37.228611
S371419,116.057222,37.195833
S371420,117.206389,37.720278
S371421,117.215183,37.7298
S371422,117.212889,37.735417
S371423,116.655,36.949722
S371424,116.6775,36.911389
S371425,116.618922,36.927883
S371504,115.793056,36.093056
S371505,115.791111,36.141944
S371506,115.781,36.129
S371507,115.646,36.239
S371508,115.693,36.24
S371509,115.685,36.258889
S371510,116.238889,36.586389
S371511,116.246111,36.556667
S371512,116.248889,36.580556
S371513,116.238752,36.347269
S371514,116.26,36.333333
S371515,116.249167,36.353889
S371516,115.438,36.475
S371517,115.466111,36.500556
S371518,115.474722,36.471667
S371519,116.237222,36.841111
S371520,116.219738,36.883693
S371521,116.261111,36.870556
S371522,115.733056,36.811944
S371523,115.681111,36.753889
S371524,115.795278,36.823611
S371605,118.114444,37.706111
S371606,118.086667,37.698333
S371607,117.490556,37.4925
S371608,117.566944,37.500278
S371609,117.595556,37.631667
S371610,117.591111,37.645278
S371611,117.630833,37.751944
S371612,117.57,37.758056
S371613,118.103333,37.149722
S371614,118.105278,37.133889
S371615,117.758611,36.853056
S371616,117.722778,36.880833
S371706,115.554722,34.866111
S371707,115.556944,34.800556
S371708,116.085,34.785278
S371709,116.124167,34.780833
S371710,115.930833,34.938889
S371711,115.869722,34.960278
S371712,116.085833,35.384167
S371713,116.0562,35.40607
S371714,115.926944,35.585556
S371715,115.956667,35.570556
S371716,115.540278,35.547778
S371717,115.5125,35.567778
S371718,115.1075,35.276389
S371719,115.109444,35.284167
G530108,102.722,25.0405
G533403,99.7064,27.8136
S411011,113.22036,34.13056
G610406,0,0
S611001,0,0
S612001,0,0
S613001,0,0
S615001,0,0
G610114,0,0
G610115,0,0
G610116,0,0
G610117,0,0
G610118,0,0
G610119,0,0
G610120,0,0
G610121,0,0
G610205,0,0
G610206,0,0
G610207,0,0
G610310,0,0
G610311,0,0
G610312,0,0
G610313,0,0
S610301,0,0
G610314,0,0
S610302,0,0
G610315,0,0
S610303,0,0
G610316,0,0
S610401,0,0
G610407,0,0
S610402,0,0
G610408,0,0
S610403,0,0
G610409,0,0
S610404,0,0
S610405,0,0
S610406,0,0
S610407,0,0
G610410,0,0
G610411,0,0
S610501,0,0
S610502,0,0
S610503,0,0
S610504,0,0
S610505,0,0
S610506,0,0
S610507,0,0
S610508,0,0
S610509,0,0
S610601,0,0
S610602,0,0
S610603,0,0
S610604,0,0
S610605,0,0
S610606,0,0
S610607,0,0
S610608,0,0
S610609,0,0
S610610,0,0
S610611,0,0
S610612,0,0
S610613,0,0
S610701,0,0
S610702,0,0
S610703,0,0
S610704,0,0
S610705,0,0
S610706,0,0
S610707,0,0
S610708,0,0
S610709,0,0
S610710,0,0
S610711,0,0
S610801,0,0
S610802,0,0
S610803,0,0
S610804,0,0
S610805,0,0
S610806,0,0
S610807,0,0
S610808,0,0
S610809,0,0
S610810,0,0
S610811,0,0
S610812,0,0
S610901,0,0
S610902,0,0
S610903,0,0
S610904,0,0
S610905,0,0
S610906,0,0
S610907,0,0
S610908,0,0
S610909,0,0
S611002,0,0
S611003,0,0
S611004,0,0
S611005,0,0
S611006,0,0
S611007,0,0
S611008,0,0
S612002,0,0
S612003,0,0
S612004,0,0
S612005,0,0
S613002,0,0
S615002,0,0
S410511,114.9175,35.96972222
S411012,113.5510972,34.27139444
S411418,115.8055556,34.39305556
S110028,116.3,39.52
S110029,116.207,40.002
S110030,115.972,40.453
S110031,116.136,39.742
S110032,116.911,40.499
S110033,115.93907,40.36928
S110034,116.106,39.937
S110035,116.663,39.886
S110037,116.783,39.712
S110038,116,39.58
S110039,117.12,40.1
S411013,113.8369444,34.25888889
S152901,101.0326,41.5653
S410117,113.1316667,34.46833333
G370220,120.039,35.872
G370221,120.005,35.878
S370511,118.213056,37.476111
S410118,113.2977778,34.79055556
S130231,0,0
S130233,0,0
S130234,0,0
S130235,0,0
S130236,0,0
S130237,0,0
S120015,0,0
S120016,0,0
S120017,0,0
S120018,0,0
S120019,0,0
S120020,0,0
S120021,0,0
S120022,116.991,39.141
S120023,0,0
S131021,0,0
S131022,0,0
S131023,0,0
S131024,0,0
S130729,0,0
S130730,0,0
S371426,0,0
S371428,0,0
S371429,0,0
S371430,0,0
S371433,0,0
S371435,0,0
S371436,0,0
S371437,0,0
S371439,0,0
S371440,0,0
S371441,0,0
S371442,0,0
S371443,0,0
S371444,0,0
S130820,0,0
S370722,0,0
S130142,0,0
S130311,0,0
S371525,0,0
S371526,0,0
S130439,0,0
S410119,0,0
S410120,0,0
S370216,0,0
S370217,0,0
S370218,0,0
S370219,0,0
S370220,0,0
S370221,0,0
S370222,0,0
S370223,0,0
S370224,0,0
S310001,0,0
S130240,117.595,39.995
S131124,115.364,38.198
S130440,114.922,36.563
S410121,113.7702778,34.38305556
S510101,103.527777,30.200555
S510102,103.62,30.586666
S510103,103.438333,30.4175
S510104,103.6575,30.990833
S510105,103.821666,30.413333
S510106,104.411388,30.867222
S510107,103.654722,30.634722
S510108,104.539444,30.414166
S510109,104.156697,30.822513
S510110,103.948055,30.996944
S510111,103.85766,30.837
S510112,103.901388,30.595833
S510113,103.845833,30.699444
S510114,104.2525,30.8875
S510301,104.876111,29.275555
S510302,104.786388,29.374166
S510303,104.974722,29.182222
S510304,104.417777,29.445555
S510401,102.108888,26.892777
S510402,101.855277,26.682222
S510501,105.827416,28.80953
S510502,105.808261,28.043961
S510503,105.374919,29.154408
S510504,105.361691,28.770394
S510505,105.433055,28.164444
S510601,104.50722,31.30055
S510602,104.285388,30.990138
S510603,104.192777,31.115833
S510604,104.205,31.343611
S510605,104.678972,31.033833
S510701,104.762777,31.780555
S510702,104.418888,31.6425
S510703,105.384444,31.209166
S510704,105.159166,31.193888
S510705,104.567222,31.5319
S510706,104.552777,32.412777
S510707,105.176111,31.630833
S510801,105.961563,32.324241
S510802,105.949444,31.736388
S510803,106.3025,32.235277
S510804,105.88,32.650277
S510805,105.229444,32.574166
S510806,105.521944,32.293055
S510901,105.238888,30.599444
S510902,105.713055,30.779722
S510903,105.454538,30.3583
S510904,105.376305,30.88135
S510905,105.612222,30.518888
S511001,104.8475,29.764166
S511002,105.299166,29.343888
S511003,104.660277,29.536666
S511101,103.946944,29.212222
S511102,103.4517,29.58
S511103,104.061666,29.648611
S511104,103.57,29.736666
S511105,103.903611,28.956666
S511106,103.551388,29.421388
S511107,103.822777,29.408611
S511108,103.26,29.232777
S511109,103.543305,28.840472
S511110,103.075555,29.247777
S511301,106.56,31.09139
S511302,105.879166,30.985833
S511303,106.033,31.353138
S511304,106.296958,31.272744
S511305,106.00202,31.54441
S511306,106.417277,31.027444
S511401,103.515555,30.023333
S511402,103.872777,30.200833
S511403,103.366944,29.905277
S511404,103.846388,29.84
S511405,104.1454,29.9864
S511501,104.520555,28.435833
S511502,104.545833,28.715555
S511503,104.955833,28.821944
S511504,105.229166,28.309166
S511505,104.916944,28.586388
S511506,105.071388,28.733055
S511507,104.707777,28.456388
S511508,104.502222,28.158888
S511509,104.355,28.830555
S511601,106.271666,30.383888
S511602,106.288055,30.348888
S511603,106.8875,30.498611
S511604,106.918888,30.348611
S511605,106.443888,30.539166
S511701,106.97,30.84
S511702,108.029722,32.081944
S511703,107.1975,30.735833
S511704,107.713055,31.361944
S511705,107.866111,31.082222
S511801,102.931305,30.145861
S511802,102.812222,30.383888
S511803,102.7725,30.049722
S511804,102.833311,29.795038
S511805,102.622222,29.365
S511806,103.105177,30.095461
S511807,102.357222,29.230555
S511901,107.07861,31.584444
S511902,106.823888,32.348611
S511903,107.24911,31.91211
S511904,106.636222,31.793388
S512001,105.025833,30.277777
S512002,105.335277,30.095833
S513201,102.358611,31.996388
S513202,103.579444,31.472777
S513203,103.459722,32.888055
S513204,103.842222,31.672777
S513205,102.950277,33.582777
S513206,102.984444,32.085277
S513207,100.966666,32.268888
S513208,102.548888,32.800277
S513209,102.239722,31.893888
S513210,103.602777,32.659722
S513211,103.163055,31.436944
S513212,102.073611,31.4725
S513213,101.708333,32.906944
S513301,98.578686,31.813144
S513302,98.102249,32.98028
S513303,101.890833,30.878611
S513304,101.507222,28.000277
S513305,99.105555,30.004722
S513306,99.800555,28.918055
S513307,100.302241,29.036994
S513308,99.991111,31.625555
S513309,101.121944,30.983055
S513310,100.339444,32.266944
S513311,102.234722,29.913888
S513312,100.268333,29.999722
S513313,100.6725,31.398333
S513314,100.31,30.941388
S513315,98.823595,31.212542
S513316,99.2875,28.714444
S513317,101.012777,30.034305
S513401,102.404722,28.306944
S513402,102.578036,26.635222
S513403,102.80435,27.715713
S513404,102.556944,28.878611
S513405,102.5075,28.629722
S513406,101.278666,27.932194
S513407,102.244722,26.667777
S513408,101.512222,27.428333
S513409,103.127083,28.33175
S513410,102.769722,28.962222
S513411,103.246483,27.694844
S513412,102.539444,27.368611
S513413,102.173888,27.405833
S513414,102.748611,27.064166
S513415,103.569288,28.265938
S513416,102.175,28.555277
S340101,0,0
S340601,0,0
S340102,0,0
S340103,0,0
S340104,0,0
S340105,0,0
S340602,0,0
S341601,0,0
S341602,0,0
S341603,0,0
S341301,0,0
S341302,0,0
S341303,0,0
S341304,0,0
S340301,0,0
S340302,0,0
S340303,0,0
S341201,0,0
S341202,0,0
S341203,0,0
S341204,0,0
S341205,0,0
S341206,0,0
S341207,0,0
S340401,0,0
S340402,0,0
S341101,0,0
S341102,0,0
S341103,0,0
S341104,0,0
S341105,0,0
S341106,0,0
S341501,0,0
S341502,0,0
S341503,0,0
S341504,0,0
S341505,0,0
G340506,0,0
G340507,0,0
G340508,0,0
G340509,0,0
S340501,0,0
S340502,0,0
S340503,0,0
S340504,0,0
G340205,0,0
S340201,0,0
S340202,0,0
S340203,0,0
S340204,0,0
S340205,0,0
S341801,0,0
S341802,0,0
S341803,0,0
S341804,0,0
S341805,0,0
S341806,0,0
G340707,0,0
S340701,0,0
S340702,0,0
G341705,0,0
S341701,0,0
S341702,0,0
S341703,0,0
S340801,0,0
S340802,0,0
S340803,0,0
S340804,0,0
S340805,0,0
S340806,0,0
S340807,0,0
S341001,0,0
S341002,0,0
S341003,0,0
S341004,0,0
S341005,0,0
S500001,108.367777,30.8425
S500002,108.431944,30.755555
S500003,108.766111,29.536944
S500004,108.784722,29.524722
S500005,107.368888,29.723333
S500006,107.370277,29.701944
S500007,106.512855,29.536659
S500008,106.52,29.55
S500009,106.46,29.48
S500010,106.51,29.57
S500011,106.67,29.61
S500012,106.442925,29.576617
S500013,106.515627,29.504318
S500014,106.6,29.55
S500015,106.38,29.81
S500016,106.536345,29.808309
S500017,106.61,29.69
S500018,107.091944,29.851388
S500019,107.079166,29.826944
S500020,106.264614,29.283794
S500021,106.279297,29.280377
S500022,106.264407,29.999162
S500023,106.247419,29.996742
S500024,105.928588,29.380382
S500025,105.896872,29.356178
S500026,107.084722,29.158888
S500027,107.067777,29.173333
S500028,106.659518,29.026337
S500029,105.602041,29.414271
S500030,106.215342,29.587869
S500031,106.050558,29.831422
S500032,105.8425,30.207222
S500033,105.583296,29.420247
S500034,108.387222,31.162833
S500035,107.798333,30.675833
S500036,107.751833,29.328916
S500037,108.659444,31.951944
S500038,107.735432,29.873515
S500039,107.348,30.331166
S500040,108.031805,30.297277
S500041,108.698194,30.934916
S500042,109.453333,31.018916
S500043,109.876333,31.081611
S500044,109.572944,31.389444
S500045,108.129861,29.997916
S500046,108.985,28.454027
S500047,108.761388,28.845833
S500048,108.155833,29.286111
S500049,106.921305,28.962972
S500050,106.917083,28.957861
S500051,106.54,29.67
S500052,106.5,29.62
S500053,105.7765,29.488083
S350101,0,0
S350102,0,0
S350103,0,0
S350104,0,0
S350105,0,0
S350106,0,0
S350107,0,0
S350108,0,0
S350109,0,0
S350110,0,0
S350111,0,0
S350112,0,0
S350113,0,0
S350114,0,0
S350301,0,0
S350401,0,0
S350402,0,0
S350403,0,0
S350404,0,0
S350405,0,0
S350406,0,0
S350407,0,0
S350408,0,0
S350409,0,0
S350410,0,0
S350411,0,0
S350412,0,0
S350413,0,0
S350414,0,0
S350415,0,0
S350416,0,0
S350417,0,0
S350418,0,0
S350419,0,0
S350420,0,0
S350501,0,0
S350502,0,0
S350503,0,0
S350504,0,0
S350505,0,0
S350506,0,0
S350507,0,0
S350508,0,0
S350509,0,0
S350510,0,0
S350511,0,0
S350512,0,0
S350513,0,0
S350514,0,0
S350515,0,0
S350516,0,0
S350601,0,0
S350602,0,0
S350603,0,0
S350604,0,0
S350605,0,0
S350606,0,0
S350607,0,0
S350608,0,0
S350609,0,0
S350610,0,0
S350611,0,0
S350612,0,0
S350613,0,0
S350614,0,0
S350615,0,0
S350616,0,0
S350701,0,0
S350702,0,0
S350703,0,0
S350704,0,0
S350705,0,0
S350706,0,0
S350707,0,0
S350708,0,0
S350709,0,0
S350710,0,0
S350711,0,0
S350712,0,0
S350713,0,0
S350714,0,0
S350715,0,0
S350716,0,0
S350717,0,0
S350718,0,0
S350801,0,0
S350802,0,0
S350803,0,0
S350804,0,0
S350805,0,0
S350806,0,0
S350807,0,0
S350808,0,0
S350809,0,0
S350810,0,0
S350811,0,0
S350812,0,0
S350901,0,0
S350902,0,0
S350903,0,0
S350904,0,0
S350905,0,0
S350906,0,0
S350907,0,0
S350908,0,0
S350909,0,0
S350910,0,0
S350911,0,0
S350912,0,0
S350913,0,0
S350914,0,0
S350915,0,0
S350916,0,0
S351601,0,0
S351602,0,0
S350617,0,0
S510807,105.229444,32.574166
G511907,106.760247,31.844538
G511908,106.760247,31.844538
G230113,126.646,45.7258
G140110,112.434,38.0108
S340703,0,0
S410726,113.7869444,35.47722222
S411419,115.3283333,34.45888889
S500054,106.2375,29.553
S350302,0,0
S500055,106.2375,29.553
G620106,103.631,36.1031
S410727,113.783608,35.451434
G131104,115.69,37.739
G360409,116.017444,29.653472
S350421,0,0
S141001,0,0
G341304,116.9677,33.6284
G321306,118.321,33.951
G321307,0,0
G321308,0,0
S520102,106.10611,26.56722
S520301,107.89556,28.56611
S522701,107.37056,26.37583
S522702,107.23861,26.58139
S522703,107.54139,25.82556
S522704,107.31958,25.82397
S522601,108.08833,26.39917
S520501,105.60222,27.1475
S522301,105.44306,25.09722
S522602,108.4175,27.04861
S522603,108.12194,27.03361
S522604,109.19528,26.67889
S522605,108.51583,25.93056
S522606,108.81778,27.23861
S522607,108.12194,27.03361
S522608,108.81778,27.23861
S520302,107.71833,27.96
S522609,109.20333,26.91222
S520601,108.2175,27.50111
S522610,109.13361,26.23333
S522611,108.67583,26.96556
S522302,105.18306,25.4375
S522612,107.89139,26.90611
S520602,108.83444,27.7125
S522303,105.21611,25.835
S522304,105.81806,24.98306
S522613,108.91083,25.75583
S520603,109.20806,27.78056
S522305,104.90611,25.03806
S522306,105.63694,25.3875
S520401,105.61278,25.94917
S520303,105.71861,28.59083
S520604,109.19889,28.15694
S520304,107.43333,28.53583
S522307,104.945,25.78722
S520305,106.28944,27.72083
S522308,104.92694,25.12028
S520402,105.73917,26.30556
S522705,107.88056,25.41333
S520605,108.49917,28.5675
S520306,107.47528,27.77
S520606,109.17722,27.67
S520307,107.60778,28.54972
S520502,104.28083,26.86333
S520503,104.72778,27.11778
S522309,106.09639,25.17167
S520308,107.58722,28.29806
S520504,106.02833,27.02806
S520103,106.72194,27.10444
S520607,108.91167,27.245
S520403,106.25278,26.40972
S520608,108.39222,28.00194
S522706,107.85694,25.97417
S520104,106.6225,26.67778
S520404,105.76111,26.045
S520405,106.07806,25.75722
S522707,106.98833,26.45222
S520105,106.46667,26.8
S520201,105.47694,26.21306
S522708,106.43722,26.02444
S520505,105.76889,26.67028
S520506,105.27583,27.28778
S520309,106.82139,28.13722
S522614,108.01194,26.60944
S520507,105.61028,27.15
S520508,106.36806,27.7725
S520106,106.47278,26.55972
S522709,107.51694,26.26694
S520310,106.43333,27.95
S520509,105.28972,27.28778
S520311,107.85333,27.22139
S520312,106.37139,27.85472
S522710,106.65806,26.1425
S520202,104.95694,26.54194
S520107,106.55,26.95
S522711,107.5175,26.29778
S522615,107.96861,26.60083
S520510,106.15028,27.15083
S520609,108.24889,27.94917
S520406,105.66694,26.05806
S520511,105.77528,26.77528
S520610,108.11444,28.26222
S522712,107.475,27.08278
S522616,108.31167,26.17194
S522617,107.57806,26.49472
S520108,106.66417,26.65417
S520109,106.16611,27.06111
S520110,106.98389,27.05444
S522713,107.51278,26.69667
S520313,106.185,28.33333
S520314,107.18694,27.95694
S522714,106.74583,25.33889
S510403,102.108888,26.892777
S370225,120.48803,36.093253
G321306,118.321,33.951
G321007,119.4391667,32.40333333
S520111,106.42667,26.55278
G421004,0,0
G360906,114.3806,27.8014
S350422,0,0
S350618,0,0